"id","player_id","build_version","started_at","ended_at","duration_seconds","final_round","final_level","death_enemy","total_kills","total_damage_taken","total_xp","end_reason","dodges_used","heals_used","camera_shake","camera_zoom","camera_recoil","condition","hits_taken","damage_events_total","mean_damage_per_hit","input_total","input_mean","jitter_total","jitter_mean","distance_total","distance_mean","speed_mean","speed_sd","enemies_alive_mean","enemies_alive_max","nearest_enemy_dist_mean","projectiles_alive_mean","fps_mean","fps_min","fps_drop_ratio","low_hp_ratio","damage_taken_rate","hits_rate","kill_rate","xp_rate","input_rate","jitter_rate","distance_rate","died"
"00cb4abd-c3c4-445a-9e1a-4eef1cd73545","C6M259","1.0.0","2026-06-09 14:26:18+00","2026-06-09 14:30:06+00",234,5,31,"",435,47,6067,"win",3,137,"FALSE","FALSE","FALSE","C0_baseline",49,49,1,273,0.336621454993835,17,0.0209617755856967,8931.85487,11.0133845499383,103.013255240444,31.3428333708252,18.2860665844636,46,164.667690764488,0,55.7361282367448,44,0.00493218249075216,0,0.200854700854701,0.209401709401709,1.85897435897436,25.9273504273504,1.16666666666667,0.0726495726495727,38.170319957265,FALSE
"02f1bdb0-befd-484c-bafd-e0885d364786","C6N101","1.0.0","2026-06-15 19:17:04+00","2026-06-15 19:26:51+00",599,5,33,"enemy",434,138,9038,"death",7,4894,"TRUE","FALSE","FALSE","C1_shake",39,138,3.53846153846154,623,0.183073758448428,21,0.00617102556567734,54211.31873,15.9304492300911,138.117102556568,67.0142593753088,53.9659124302086,97,220.931566523656,0,59.7176021157802,56,0,0,0.230383973288815,0.0651085141903172,0.724540901502504,15.0884808013356,1.04006677796327,0.0350584307178631,90.5030362771285,TRUE
"035e4ae5-9b01-49a1-80bb-bfd33381c569","C6E738","1.0.0","2026-06-05 19:14:21+00","2026-06-05 19:19:59+00",348,5,31,"",435,16,6900,"win",0,435,"TRUE","FALSE","TRUE","C5_shake_recoil",17,17,1,408,0.203796203796204,3,0.0014985014985015,29271.99107,14.6213741608392,125.789210789211,31.8793565930702,29.1088911088911,61,160.948706293706,0,59.8496503496503,55,0,0,0.0459770114942529,0.0488505747126437,1.25,19.8275862068966,1.17241379310345,0.00862068965517241,84.1149168678161,FALSE
"069f9480-fe0a-4e8a-9034-1b95e11a0f92","C6M132","1.0.0","2026-06-11 13:26:52+00","2026-06-11 13:29:00+00",134,1,2,"enemy",5,50,5,"death",0,0,"TRUE","FALSE","FALSE","C1_shake",9,50,5.55555555555556,0,0,0,0,0,0,0,0,24.864,34,179.05652176,0,81.896,58,0,0,0.373134328358209,0.0671641791044776,0.0373134328358209,0.0373134328358209,0,0,0,TRUE
"06c446fe-5a73-4930-97bd-9c7179f97dad","C6D516","1.0.0","2026-06-05 19:20:52+00","2026-06-05 19:26:59+00",388,5,31,"",435,49,6111,"win",15,4578,"TRUE","TRUE","TRUE","C7_all",49,49,1,379,0.216200798630918,15,0.00855675984027382,20274.59631,11.5656567655448,99.5151169423845,21.7438629535356,32.1677124928694,75,124.101130433542,0,59.5664575014261,54,0,0,0.126288659793814,0.126288659793814,1.12113402061856,15.75,0.97680412371134,0.038659793814433,52.2541142010309,FALSE
"06fe9657-81a8-498e-98e3-7a0a247229de","C6H502","1.0.0","2026-06-08 16:26:35+00","2026-06-08 16:29:45+00",192,4,23,"enemy",357,120.015329870897,1542,"death",2,2111,"TRUE","TRUE","FALSE","C4_shake_zoom",31,120.015329870897,3.87146225389989,330,0.237752161383285,23,0.0165706051873199,12487.59693,8.99682775936599,85.5547550432277,53.7633659954018,37.9992795389049,63,96.9894944308357,0,57.1152737752161,52,0,0,0.625079843077589,0.161458333333333,1.859375,8.03125,1.71875,0.119791666666667,65.03956734375,TRUE
"09726140-1472-4f52-8046-609564f04c30","C6J251","1.0.0","2026-06-05 16:12:03+00","2026-06-05 16:16:03+00",250,5,33,"",435,27,9181,"win",0,2812,"FALSE","FALSE","TRUE","C3_recoil",27,27,1,472,0.375198728139905,7,0.00556438791732909,17131.32604,13.6179062321145,118.012718600954,41.4938992218754,31.0373608903021,70,110.478869220986,0,58.8314785373609,40,0.0405405405405405,0,0.108,0.108,1.74,36.724,1.888,0.028,68.52530416,FALSE
"0973cd03-3e0c-44b3-8c9b-d623f490bb68","C5C743","1.0.0","2026-06-08 16:22:30+00","2026-06-08 16:27:57+00",343,5,33,"",435,27,8677,"win",1,4467,"TRUE","FALSE","FALSE","C1_shake",27,27,1,439,0.230931088900579,13,0.00683850604944766,23977.83323,12.6132736612309,108.153603366649,26.0325620776117,30.7722251446607,64,106.211326901631,0,59.9968437664387,57,0,0,0.0787172011661808,0.0787172011661808,1.26822157434402,25.2973760932945,1.2798833819242,0.0379008746355685,69.9062193294461,FALSE
"0acd8809-8a3f-44e8-8ec9-03fb2ebfa02b","C5G661","1.0.0","2026-06-05 19:21:40+00","2026-06-05 19:28:29+00",420,5,32,"",435,47,7305,"win",13,3512,"FALSE","TRUE","FALSE","C2_zoom",49,49,1,386,0.184954480114998,8,0.00383325347388596,23635.36961,11.3250453330139,97.0579779587925,34.1948619423092,32.8308576904648,89,90.8721380450407,0,59.9362721609966,58,0,0,0.111904761904762,0.116666666666667,1.03571428571429,17.3928571428571,0.919047619047619,0.019047619047619,56.2746895476191,FALSE
"0af94b2a-fe69-479c-b598-81d3a6b77610","C6D912","1.0.0","2026-06-08 16:12:25+00","2026-06-08 16:18:39+00",384,5,27,"",435,40,3296,"win",2,496,"FALSE","TRUE","FALSE","C2_zoom",42,42,1,432,0.186046511627907,15,0.00645994832041344,40176.84004,17.3026873557278,154.848204134367,82.6513249233032,37.3617571059432,79,209.673081132644,0,46.5452196382429,40,0.758397932816537,0,0.104166666666667,0.109375,1.1328125,8.58333333333333,1.125,0.0390625,104.627187604167,FALSE
"0c266f69-0927-4d71-b084-d2a9b2ea6880","C6D171","1.0.0","2026-06-08 16:13:47+00","2026-06-08 16:20:24+00",413,5,33,"",435,190,10109,"win",26,8995,"FALSE","TRUE","FALSE","C2_zoom",192,192,1,525,0.243959107806691,32,0.0148698884758364,25494.32137,11.8468036105948,103.773234200743,57.443446764152,29.5989776951673,63,90.9860439790892,0,53.7105018587361,1,0.243494423791822,0,0.460048426150121,0.464891041162228,1.05326876513317,24.4769975786925,1.27118644067797,0.0774818401937046,61.7295916949153,FALSE
"0c5e03c1-121d-4c92-affb-7ee2298844f7","C6J409","1.0.0","2026-06-09 13:19:05+00","2026-06-09 13:25:43+00",411,5,32,"",435,119,7646,"win",10,8233,"FALSE","FALSE","TRUE","C3_recoil",119,119,1,286,0.124347826086957,52,0.0226086956521739,25368.97082,11.0299873130435,96.9782608695652,43.148432891612,29.5017391304348,74,131.142435765217,0,59.3991304347826,55,0,0,0.289537712895377,0.289537712895377,1.05839416058394,18.6034063260341,0.695863746958638,0.126520681265207,61.7249898296837,FALSE
"0f33c073-f218-41b5-af78-ee891110b44a","C6H280","1.0.0","2026-06-05 19:20:10+00","2026-06-05 19:29:46+00",599,5,34,"enemy",434,387.211253999996,11410,"death",13,16384,"FALSE","FALSE","FALSE","C0_baseline",253,387.211253999996,1.53047926482212,798,0.183490457576454,75,0.0172453437571856,45939.9045938,10.5633259585652,102.655782938607,46.6936981890016,33.8171993561738,92,115.067596021384,0,57.0653023683605,52,0,0,0.646429472454084,0.42237061769616,0.724540901502504,19.0484140233723,1.3322203672788,0.125208681135225,76.6943315422371,TRUE
"1004050c-e64e-441a-b2d5-113a08160a55","C6M132","1.0.0","2026-06-11 13:19:20+00","2026-06-11 13:26:46+00",465,5,32,"king",434,259.371819100001,7482,"death",50,16921,"TRUE","FALSE","FALSE","C1_shake",260,259.371819100001,0.997583919615388,180,0.0552316661552624,28,0.00859159251304081,24710.924445,7.5823640518564,79.0733353789506,40.6847523140383,42.4449217551396,77,81.3362668536361,0,59.9374041116907,56,0,0.303467321264191,0.557788858279572,0.559139784946237,0.933333333333333,16.0903225806452,0.387096774193548,0.0602150537634409,53.141773,TRUE
"1032cea7-f187-49e0-9ef5-dab0008fd52b","C4F673","1.0.0","2026-06-05 19:57:27+00","2026-06-05 20:07:16+00",599,5,32,"enemy",434,200.518413216664,8418,"death",11,12889,"FALSE","TRUE","FALSE","C2_zoom",174,200.518413216664,1.15240467365899,593,0.134803364401,71,0.0161400318254149,81611.00097,18.5521711684474,169.110248238236,58.1898569699012,42.2937031143442,100,193.747104754262,0,59.6376449192998,40,0.000681973175721755,0,0.334755280829155,0.290484140233723,0.724540901502504,14.0534223706177,0.989983305509182,0.118530884808013,136.245410634391,TRUE
"12a9ff81-ed85-4e81-b71e-625079debd23","C6H934","1.0.0","2026-06-08 16:13:20+00","2026-06-08 16:23:11+00",599,5,40,"enemy",434,286,31199,"death",15,7815,"FALSE","TRUE","FALSE","C2_zoom",187,286,1.52941176470588,894,0.259959290491422,24,0.00697877289909858,50871.73086,14.7925940273335,131.049723756906,33.0604471207983,35.8025588833963,93,79.0575794562373,0,45.8104100029078,39,0.744693224774644,0,0.477462437395659,0.312186978297162,0.724540901502504,52.085141903172,1.49248747913189,0.0400667779632721,84.9277643739566,TRUE
"12b80902-760c-44ca-ad02-905a58cf4b1e","C6P845","1.0.0","2026-06-15 19:35:11+00","2026-06-15 19:44:54+00",599,5,33,"enemy",434,157.717976116666,8527,"death",8,13497,"TRUE","FALSE","TRUE","C5_shake_recoil",87,157.717976116666,1.81285030019157,654,0.153197470133521,27,0.00632466619817287,75234.76288,17.6235096931366,152.481845865542,36.1527914636284,48.448817053174,87,129.884383717498,0,59.818692902319,39,0.00421644413211525,0,0.263302130411796,0.145242070116861,0.724540901502504,14.2353923205342,1.09181969949917,0.0450751252086811,125.600605809683,TRUE
"15eff53c-31f4-4c88-af46-459ac4ed3c63","C6C990","1.0.0","2026-06-05 15:19:54+00","2026-06-05 15:26:08+00",391,5,25,"",435,57,2343,"win",0,10068,"FALSE","FALSE","FALSE","C0_baseline",58,58,1,579,0.2895,68,0.034,23204.984133,11.6024920665,100.503125,70.5563107948599,41.5345,65,126.52648449,0,59.4425,16,0.0045,0,0.145780051150895,0.148337595907928,1.11253196930946,5.9923273657289,1.48081841432225,0.173913043478261,59.3477855063939,FALSE
"168647f2-0e56-4d4d-8b84-b57b16dc88ff","C6H576","1.0.0","2026-06-15 19:21:09+00","2026-06-15 19:29:07+00",485,5,30,"",435,59,5319,"win",8,4010,"TRUE","FALSE","FALSE","C1_shake",60,60,1,887,0.235403397027601,14,0.00371549893842887,51722.28685,13.7267215631635,134.071125265393,21.4174441109466,48.1316348195329,82,131.615358978238,0,58.6207537154989,50,0,0,0.121649484536082,0.123711340206186,0.896907216494845,10.9670103092784,1.82886597938144,0.0288659793814433,106.643890412371,FALSE
"16ca93d1-2943-4d98-82c7-bf9db7d72ba8","C6P414","1.0.0","2026-06-15 19:22:43+00","2026-06-15 19:27:42+00",308,1,1,"enemy",0,50,0,"death",0,0,"FALSE","TRUE","TRUE","C6_zoom_recoil",1,50,50,0,0,0,0,0,0,0,0,4.75,9,441.072083333333,0,54,53,0,0,0.162337662337662,0.00324675324675325,0,0,0,0,0,TRUE
"1a01298c-1951-4c77-a8ee-89a3dddad435","C15017","1.0.0","2026-06-05 19:17:32+00","2026-06-05 19:25:06+00",464,5,33,"",435,186,9573,"win",36,16654,"TRUE","FALSE","TRUE","C5_shake_recoil",189,189,1,1136,0.381592206919718,50,0.0167954316425932,42716.165298,14.3487286859254,124.158548874706,48.3321184204852,31.5310715485388,83,97.813199687605,0,59.9291232784683,56,0,0,0.400862068965517,0.407327586206897,0.9375,20.6314655172414,2.44827586206897,0.107758620689655,92.0607010732759,FALSE
"1affc0f0-1216-456a-82d6-b2828eb85a72","C5C743","1.0.0","2026-06-08 17:33:16+00","2026-06-08 17:43:07+00",599,2,6,"enemy",38,50,40,"death",0,0,"TRUE","FALSE","FALSE","C1_shake",5,50,10,78,0.296577946768061,0,0,2938.33028,11.1723584790875,95.8174904942966,20.0570978416873,24.4562737642586,33,110.509360076046,0,60.0342205323194,60,0,0,0.0834724540901502,0.00834724540901502,0.0634390651085142,0.0667779632721202,0.130217028380634,0,4.90539278797997,TRUE
"1dce3196-e3f5-479c-9b38-f50703b0e15d","C6D270","1.0.0","2026-06-05 19:16:49+00","2026-06-05 19:20:20+00",219,5,24,"",435,16,1896,"win",5,3323,"TRUE","FALSE","TRUE","C5_shake_recoil",17,17,1,491,0.395967741935484,38,0.0306451612903226,16881.4851,13.6141008870968,117.056451612903,45.639179043347,27.8588709677419,53,120.738489919355,0,59.3943548387097,53,0,0,0.0730593607305936,0.0776255707762557,1.98630136986301,8.65753424657534,2.24200913242009,0.17351598173516,77.0844068493151,FALSE
"202b46e4-ad32-49b1-a99e-7a43a68118f3","C6M619","1.0.0","2026-06-09 14:03:43+00","2026-06-09 14:08:48+00",275,5,24,"",435,17,1873,"win",1,1290,"TRUE","TRUE","FALSE","C4_shake_zoom",17,17,1,341,0.279737489745693,11,0.00902378999179656,15153.53101,12.4311164971288,108.285479901559,20.6387461630021,26.8646431501231,61,160.587722231337,0,58.4946677604594,54,0,0,0.0618181818181818,0.0618181818181818,1.58181818181818,6.81090909090909,1.24,0.04,55.1037491272727,FALSE
"2042c711-f981-4d9e-bc9e-1e64f6f65312","C6M259","1.0.0","2026-06-09 14:17:49+00","2026-06-09 14:20:44+00",36,5,26,"",435,1,2713,"win",0,116,"FALSE","FALSE","FALSE","C0_baseline",1,1,1,416,0.389513108614232,13,0.0121722846441948,11016.51461,10.3150885861423,97.6591760299626,15.1267044807795,21.25,46,194.949431928839,0,56.5402621722846,51,0,0,0.0277777777777778,0.0277777777777778,12.0833333333333,75.3611111111111,11.5555555555556,0.361111111111111,306.014294722222,FALSE
"2104ffd8-6435-4041-9c45-5c1f205b0976","C6M153","1.0.0","2026-06-15 19:19:40+00","2026-06-15 19:26:28+00",419,5,28,"",435,70,3615,"win",0,4603,"FALSE","TRUE","TRUE","C6_zoom_recoil",70,70,1,304,0.149606299212598,29,0.0142716535433071,24435.36843,12.0252797391732,104.928641732283,49.801747051486,41.6146653543307,66,120.204494650591,0,59.431594488189,52,0,0,0.167064439140811,0.167064439140811,1.0381861575179,8.62768496420048,0.725536992840095,0.0692124105011933,58.3183017422434,FALSE
"2303b01f-fa08-4f77-bc3a-7a0d5f6d678b","C6N196","1.0.0","2026-06-05 19:22:35+00","2026-06-05 19:28:36+00",374,5,28,"",435,24,3657,"win",2,1189,"FALSE","TRUE","FALSE","C2_zoom",25,25,1,562,0.481576692373608,22,0.0188517566409597,13010.81843,11.1489446700943,107.562125107112,16.4725783345984,25.0839760068552,49,142.139483976007,0,57.6289631533847,50,0,0,0.0641711229946524,0.0668449197860963,1.16310160427807,9.77807486631016,1.50267379679144,0.0588235294117647,34.7882845721925,FALSE
"23740e2a-e875-442f-a84f-aba564335f30","C5F137","1.0.0","2026-06-04 19:11:02+00","2026-06-04 19:20:36+00",588,5,37,"",435,140,20333,"win",15,12302,"FALSE","TRUE","TRUE","C6_zoom_recoil",141,141,1,587,0.169261822376009,3,0.000865051903114187,45645.267672,13.1618418892734,112.675893886967,20.1090745381189,37.3457324106113,80,93.3802464504037,0,60.0072087658593,57,0,0,0.238095238095238,0.239795918367347,0.739795918367347,34.5799319727891,0.998299319727891,0.00510204081632653,77.628006244898,FALSE
"23ab4078-96b4-4d96-83ad-65a4abe8e1b9","C4J956","1.0.0","2026-06-05 19:23:11+00","2026-06-05 19:30:15+00",437,5,28,"",435,46,4012,"win",0,10227,"TRUE","FALSE","TRUE","C5_shake_recoil",47,47,1,664,0.249811888638074,53,0.0199398043641836,29894.86625,11.2471280097818,110.993227990971,45.0883708798356,43.0650865312265,65,128.582330775019,0,59.6316779533484,43,0.0105342362678706,0,0.105263157894737,0.107551487414188,0.995423340961098,9.18077803203661,1.51945080091533,0.121281464530892,68.4093049199085,FALSE
"262290b4-7470-4bf4-b2bf-279c0874fdc2","C6N290","1.0.0","2026-06-11 13:09:38+00","2026-06-11 13:14:42+00",325,5,30,"",435,26,5761,"win",0,3896,"TRUE","TRUE","TRUE","C7_all",26,26,1,307,0.200653594771242,7,0.00457516339869281,20217.984165,13.2143687352941,113.764705882353,36.8415845293449,30.9797385620915,60,113.541123117647,0,59.9052287581699,57,0,0,0.08,0.08,1.33846153846154,17.7261538461538,0.944615384615385,0.0215384615384615,62.2091820461538,FALSE
"288dd9db-2943-40d4-bfae-52d4a488fa95","C6K050","1.0.0","2026-06-15 19:12:45+00","2026-06-15 19:22:08+00",571,5,30,"",435,131,5648,"win",0,2323,"FALSE","FALSE","FALSE","C0_baseline",132,132,1,328,0.209718670076726,13,0.00831202046035806,19100.44511,12.2125608120205,105.522698209719,53.8051496250712,32.6400255754476,66,115.911094381714,0,59.9936061381074,56,0,0,0.229422066549912,0.231173380035026,0.761821366024518,9.89141856392294,0.574430823117338,0.0227670753064799,33.4508670928196,FALSE
"2c787ceb-9440-491e-b2d7-1df5b5eaa161","C27171","1.0.0","2026-06-04 19:23:43+00","2026-06-04 19:29:32+00",357,1,1,"enemy",0,50,0,"death",0,0,"TRUE","TRUE","TRUE","C7_all",1,50,50,,,,,,,,,,,,,,,,,0.140056022408964,0.00280112044817927,0,0,,,,TRUE
"2c88a764-84ed-44a1-b1c1-f2448c972218","C6K468","1.0.0","2026-06-15 19:29:35+00","2026-06-15 19:36:05+00",408,5,30,"",435,33,5719,"win",10,1107,"TRUE","FALSE","FALSE","C1_shake",33,33,1,606,0.325631380977969,17,0.00913487372380441,26683.53907,14.3382799946265,101.571735626008,27.248632927077,35.1708758731865,94,119.235621284256,0,10.0714669532509,8,1,0,0.0808823529411765,0.0808823529411765,1.06617647058824,14.0171568627451,1.48529411764706,0.0416666666666667,65.4008310539216,FALSE
"2e50ed36-00fb-4893-87be-ca4faa89845a","C4E990","1.0.0","2026-06-04 19:12:14+00","2026-06-04 19:16:07+00",244,5,31,"",435,12,6758,"win",3,1313,"TRUE","TRUE","FALSE","C4_shake_zoom",13,13,1,304,0.263888888888889,12,0.0104166666666667,13868.00097,12.0381952864583,102.881944444444,30.7569144810815,28.9019097222222,62,116.849098524306,0,60,59,0,0,0.0491803278688525,0.0532786885245902,1.7827868852459,27.6967213114754,1.24590163934426,0.0491803278688525,56.8360695491803,FALSE
"32d9bf5b-89d1-4916-895e-c95307c39b07","C27336","1.0.0","2026-06-08 16:20:16+00","2026-06-08 16:24:31+00",265,5,28,"king",434,138.665164133333,3525,"death",9,8027,"TRUE","FALSE","TRUE","C5_shake_recoil",139,138.665164133333,0.997591108872901,227,0.144862795149968,43,0.0274409700063816,13332.33375,8.50819001276324,75.9412890874282,42.7576451499778,28.5820038289726,64,81.072694889598,0,49.1678366305041,40,0.566687938736439,0.0319081046585833,0.523264770314464,0.524528301886792,1.6377358490566,13.3018867924528,0.856603773584906,0.162264150943396,50.3106933962264,TRUE
"32f853da-62d8-4f61-8ed7-32f77c52f2c5","C6C683","1.0.0","2026-06-09 13:56:01+00","2026-06-09 14:02:24+00",393,5,31,"",435,33,6038,"win",6,3200,"TRUE","TRUE","TRUE","C7_all",33,33,1,343,0.233492171545269,30,0.0204220558202859,21134.26545,14.3868382913547,131.228727025187,32.8381294180737,27.717494894486,53,133.822668020422,0,59.9244383934649,57,0,0,0.083969465648855,0.083969465648855,1.10687022900763,15.3638676844784,0.872773536895674,0.0763358778625954,53.776756870229,FALSE
"342b9a7e-5e72-4d0d-b90e-57947496b99e","C6K100","1.0.0","2026-06-08 16:26:56+00","2026-06-08 16:36:25+00",599,5,30,"enemy",434,124,4924,"death",0,8736,"TRUE","TRUE","FALSE","C4_shake_zoom",50,124,2.48,942,0.268989149057681,21,0.00599657338663621,57556.11742,16.4352134266134,145.859865790977,52.7776719807513,39.8712164477441,86,158.028244083381,0,46.1193603655054,40,0.771273557966876,0,0.207011686143573,0.0834724540901502,0.724540901502504,8.220367278798,1.57262103505843,0.0350584307178631,96.0870073789649,TRUE
"34d0417c-4143-4fc0-a37a-6017fdc07b44","C6N030","1.0.0","2026-06-08 16:31:30+00","2026-06-08 16:38:54+00",457,2,14,"zombie",68,152.918333333333,261,"death",0,12678,"TRUE","TRUE","FALSE","C4_shake_zoom",153,152.918333333333,0.999466230936818,153,0.0532729805013928,14,0.00487465181058496,38865.27018,13.532475689415,126.068506267409,56.6520302226643,56.0814763231198,89,222.910175596797,0,59.9972144846797,57,0,0.00974930362116992,0.334613420860685,0.334792122538293,0.148796498905908,0.571115973741794,0.334792122538293,0.0306345733041575,85.0443548796499,TRUE
"36f78638-69ff-473d-91cc-cd779e015bf1","C6D796","1.0.0","2026-06-08 16:20:36+00","2026-06-08 16:25:56+00",337,5,30,"",435,16,5345,"win",8,456,"FALSE","FALSE","TRUE","C3_recoil",16,16,1,429,0.338595106550908,13,0.0102604577742699,15200.64732,11.9973538437253,102.14680347277,28.5588648841446,29.9597474348856,66,109.064621570639,0,60.0039463299132,57,0,0,0.0474777448071217,0.0474777448071217,1.29080118694362,15.8605341246291,1.27299703264095,0.0385756676557863,45.1057783976261,FALSE
"388b99ba-74c4-48c0-aad0-6171c19d2178","C6F079","1.0.0","2026-06-05 19:35:14+00","2026-06-05 19:38:39+00",213,1,1,"enemy",0,50,0,"death",0,0,"TRUE","FALSE","TRUE","C5_shake_recoil",1,50,50,5,0.384615384615385,0,0,138.3336,10.6410461538462,92.3076923076923,27.7350098112615,4.84615384615385,9,418.075461538462,0,57.8461538461538,56,0,0,0.234741784037559,0.00469483568075117,0,0,0.0234741784037559,0,0.64945352112676,TRUE
"38a9e748-36b0-4297-a4fb-eb67a8df8d09","C6M259","1.0.0","2026-06-09 13:26:45+00","2026-06-09 13:33:23+00",402,1,1,"enemy",0,50,0,"death",0,0,"FALSE","FALSE","FALSE","C0_baseline",1,50,50,,,,,,,,,,,,,,,,,0.124378109452736,0.00248756218905473,0,0,,,,TRUE
"38d8b32c-4188-4206-833f-551f5c7cbd9b","C6N678","1.0.0","2026-06-09 13:16:58+00","2026-06-09 13:26:46+00",599,5,31,"enemy",434,227.609504819048,6105,"death",26,12567,"TRUE","FALSE","FALSE","C1_shake",105,227.609504819048,2.16770956970522,767,0.201842105263158,66,0.0173684210526316,59810.08978,15.7394973105263,137.068421052632,40.3894642311685,52.4557894736842,94,168.210341739474,0,59.3826315789474,53,0,0,0.379982478829796,0.175292153589316,0.724540901502504,10.1919866444073,1.2804674457429,0.110183639398998,99.8498994657763,TRUE
"39139dd7-19b0-4fa3-9fb3-94f2cdf42553","C20656","1.0.0","2026-06-04 19:09:26+00","2026-06-04 19:16:46+00",452,5,30,"",435,91,4953,"win",7,1684,"TRUE","FALSE","FALSE","C1_shake",94,94,1,121,0.0543820224719101,22,0.0098876404494382,23910.96736,10.7465021842697,92.1528089887641,37.2732234409124,33.3842696629213,79,159.375873496629,0,9.37573033707865,6,1,0,0.201327433628319,0.207964601769911,0.962389380530973,10.9579646017699,0.267699115044248,0.0486725663716814,52.9003702654867,FALSE
"3b58d74b-cc08-487e-9868-de651ad91a67","C6J149","1.0.0","2026-06-15 19:14:23+00","2026-06-15 19:19:46+00",336,5,32,"",435,47,8112,"win",10,3189,"FALSE","FALSE","FALSE","C0_baseline",47,47,1,349,0.197175141242938,7,0.00395480225988701,20997.50092,11.8629948700565,102.118644067797,26.4308464970256,29.2949152542373,79,94.9032200508475,0,59.2033898305085,54,0,0,0.139880952380952,0.139880952380952,1.29464285714286,24.1428571428571,1.03869047619048,0.0208333333333333,62.4925622619048,FALSE
"3df9d1c6-fd5e-4041-ba8b-7a31b3d49eb4","C6P592","1.0.0","2026-06-04 19:11:26+00","2026-06-04 19:16:36+00",322,5,30,"enemy",434,248.779999999983,4997,"death",0,9625,"TRUE","FALSE","TRUE","C5_shake_recoil",205,248.779999999983,1.21356097560967,788,0.467933491686461,30,0.0178147268408551,31107.81715,18.4725755047506,160.771971496437,44.7515932926518,32.6181710213777,80,88.04160502019,0,59.9970308788599,59,0,0,0.772608695652121,0.636645962732919,1.34782608695652,15.5186335403727,2.4472049689441,0.093167701863354,96.6081277950311,TRUE
"3e3efb61-24e5-429d-852c-19f4e9fc411c","C22732","1.0.0","2026-06-08 16:25:30+00","2026-06-08 16:31:45+00",383,5,34,"",435,105,10736,"win",7,5348,"TRUE","TRUE","TRUE","C7_all",105,105,1,886,0.324304538799414,21,0.00768667642752562,39320.15028,14.3924415373353,128.455344070278,36.4563690508362,32.4209370424597,103,100.186245596633,0,49.1288433382138,40,0.665812591508053,0,0.274151436031332,0.274151436031332,1.13577023498695,28.0313315926893,2.31331592689295,0.0548302872062663,102.663577754569,FALSE
"3f71376e-8540-44d6-8916-5cd239cd8db6","C6D710","1.0.0","2026-06-05 19:18:48+00","2026-06-05 19:24:09+00",332,5,28,"",435,34,4050,"win",3,959,"TRUE","TRUE","FALSE","C4_shake_zoom",34,34,1,443,0.236392742796158,39,0.0208110992529349,30826.24286,16.4494358911419,142.075773745998,42.5427707282011,33.1659551760939,79,139.866365752401,0,59.4114194236926,54,0,0,0.102409638554217,0.102409638554217,1.31024096385542,12.1987951807229,1.33433734939759,0.117469879518072,92.8501290963855,FALSE
"4051b7aa-e01a-4aa7-9892-f783d98cb3c2","C6N926","1.0.0","2026-06-09 13:47:34+00","2026-06-09 13:51:53+00",273,5,31,"",435,27,6109,"win",3,2471,"FALSE","FALSE","TRUE","C3_recoil",28,28,1,204,0.13307240704501,27,0.0176125244618395,18619.33351,12.1456839595564,119.425962165688,63.2800916906507,25.6399217221135,58,136.883081043705,0,56.9197651663405,52,0,0,0.0989010989010989,0.102564102564103,1.59340659340659,22.3772893772894,0.747252747252747,0.0989010989010989,68.2026868498169,FALSE
"40670b81-b267-43df-9a3a-56f504bf6354","C6M259","1.0.0","2026-06-09 14:30:46+00","2026-06-09 14:33:51+00",228,5,32,"king",434,86.6010649714282,8076,"death",3,1632,"FALSE","FALSE","FALSE","C0_baseline",87,86.6010649714282,0.995414539901474,280,0.28028028028028,17,0.017017017017017,11708.97572,11.7206964164164,108.128128128128,53.4838353232204,25.8308308308308,50,104.760975645646,0,56.005005005005,52,0,0.035035035035035,0.379829232330825,0.381578947368421,1.90350877192982,35.4210526315789,1.2280701754386,0.0745614035087719,51.3551566666667,TRUE
"42f13b81-8a0e-4acd-8ce8-8270f40d08b1","C6F475","1.0.0","2026-06-15 19:14:04+00","2026-06-15 19:20:28+00",391,5,32,"",435,90,7800,"win",3,5422,"FALSE","TRUE","FALSE","C2_zoom",90,90,1,478,0.185847589424572,17,0.00660964230171073,31185.38269,12.1249543895801,106.298600311042,56.5899614409244,41.7713841368585,85,111.38939125972,0,59.4385692068429,55,0,0,0.230179028132992,0.230179028132992,1.11253196930946,19.9488491048593,1.22250639386189,0.0434782608695652,79.7580119948849,FALSE
"4548f910-9a55-4100-961c-f382f4bb860c","C6Q167","1.0.0","2026-06-11 13:24:18+00","2026-06-11 13:32:53+00",545,5,35,"",435,287,14271,"win",16,10706,"FALSE","TRUE","FALSE","C2_zoom",287,287,1,585,0.238775510204082,41,0.016734693877551,35053.42012,14.3075184163265,123.982142857143,92.7083120183556,35.6248979591837,68,131.343938471429,0,59.3579591836735,54,0,0,0.526605504587156,0.526605504587156,0.798165137614679,26.1853211009174,1.07339449541284,0.0752293577981651,64.3182020550459,FALSE
"46f498f8-bfa4-48ee-aa5f-6484e3e7f8f0","C6M780","1.0.0","2026-06-05 15:24:22+00","2026-06-05 15:25:58+00",261,2,8,"enemy",69,50,82,"death",0,0,"FALSE","FALSE","TRUE","C3_recoil",2,50,25,137,0.415151515151515,6,0.0181818181818182,3363.33071,10.1919112424242,95.9090909090909,42.1939101876302,26.0363636363636,35,97.0784178787879,0,56.5575757575758,52,0,0,0.191570881226054,0.00766283524904215,0.264367816091954,0.314176245210728,0.524904214559387,0.0229885057471264,12.886324559387,TRUE
"47544f88-440c-4c4f-9eff-85ec5f081088","C6M734","1.0.0","2026-06-15 19:31:54+00","2026-06-15 19:37:06+00",329,5,28,"",435,28,3934,"win",0,601,"FALSE","FALSE","TRUE","C3_recoil",28,28,1,310,0.259849119865884,17,0.0142497904442582,18928.09885,15.8659671835708,107.418273260687,18.1598578634277,29.81307627829,51,119.108500352054,0,10.1374685666387,8,1,0,0.0851063829787234,0.0851063829787234,1.32218844984802,11.9574468085106,0.942249240121581,0.0516717325227964,57.5322153495441,FALSE
"4bfb2dd5-6f1f-475f-8dfa-3073d34d9f8a","C6H486","1.0.0","2026-06-05 19:17:07+00","2026-06-05 19:26:55+00",599,5,30,"enemy",434,185.635844587307,5272,"death",13,8743,"FALSE","FALSE","FALSE","C0_baseline",69,185.635844587307,2.69037455923633,432,0.10362197169585,34,0.00815543295754378,60320.32899,14.468776442792,141.414607819621,53.3330390275624,52.9599424322379,91,157.179822813624,0,57.3674742144399,50,0,0,0.309909590296005,0.115191986644407,0.724540901502504,8.80133555926544,0.721202003338898,0.0567612687813022,100.701717846411,TRUE
"4c3ee856-dc8a-44b9-af4c-599ed8f7cff0","C6C335","1.0.0","2026-06-05 15:17:21+00","2026-06-05 15:26:58+00",596,5,35,"",435,102,13490,"win",17,2546,"TRUE","FALSE","TRUE","C5_shake_recoil",103,103,1,833,0.293930839802399,81,0.0285815102328864,47943.23083,16.9171597847565,126.344389555399,40.4847431565061,37.6259703599153,91,108.981797618207,0,7.11291460832745,3,1,0,0.171140939597315,0.172818791946309,0.729865771812081,22.6342281879195,1.39765100671141,0.135906040268456,80.4416624664429,FALSE
"4eefb700-f3e5-46fc-b13e-88efb939c15b","C6E448","1.0.0","2026-06-08 16:22:39+00","2026-06-08 16:30:03+00",463,5,31,"",435,119,6557,"win",22,9847,"FALSE","FALSE","TRUE","C3_recoil",119,119,1,481,0.197779605263158,21,0.00863486842105263,29057.80997,11.9481126521382,102.919407894737,26.6709939546764,35.9827302631579,95,85.1270370682566,0,59.9958881578947,58,0,0,0.257019438444924,0.257019438444924,0.939524838012959,14.1619870410367,1.03887688984881,0.0453563714902808,62.7598487473002,FALSE
"501f44e6-b8f8-4dfe-a46e-fc95d6f90753","C6M734","1.0.0","2026-06-15 19:37:13+00","2026-06-15 19:40:16+00",189,5,24,"",435,13,1696,"win",2,198,"FALSE","FALSE","TRUE","C3_recoil",13,13,1,251,0.349095966620306,15,0.0208623087621697,11604.37831,16.1396082197497,106.884561891516,34.9526424263795,22.2698191933241,39,145.122976286509,0,10.2656467315716,9,1,0,0.0687830687830688,0.0687830687830688,2.3015873015873,8.97354497354497,1.32804232804233,0.0793650793650794,61.398827037037,FALSE
"50d353db-3226-48d3-89fd-00a80fcf618d","C6M899","1.0.0","2026-06-09 13:16:09+00","2026-06-09 13:23:55+00",478,5,29,"",435,17,4195,"win",2,3495,"FALSE","FALSE","TRUE","C3_recoil",17,17,1,467,0.327489481065919,19,0.0133239831697055,21017.50172,14.7387810098177,131.086956521739,35.2635711577956,30.45301542777,63,105.262829403927,0,58.3260869565217,51,0,0,0.0355648535564854,0.0355648535564854,0.910041841004184,8.77615062761506,0.976987447698745,0.0397489539748954,43.9696688702929,FALSE
"51e201a5-8671-4003-b7bf-2453a27f8181","C6F087","1.0.0","2026-06-09 13:16:02+00","2026-06-09 13:25:46+00",599,5,39,"enemy",434,672.520795344445,28645,"death",23,27513,"FALSE","TRUE","TRUE","C6_zoom_recoil",597,672.520795344445,1.12650049471431,878,0.228467343221442,37,0.00962789487379651,46995.87145,12.228954319542,105.614103564923,32.8391514614914,36.512099921936,91,52.723416774395,0,59.3380171740828,52,0,0,1.12273922428121,0.996661101836394,0.724540901502504,47.8213689482471,1.46577629382304,0.0617696160267112,78.4572144407346,TRUE
"525e6543-d63d-4785-b687-fc62572801c7","765601","1.0.0","2026-06-04 19:27:45+00","2026-06-04 19:29:37+00",114,2,8,"enemy",54,54.5549999999996,75,"death",0,1822,"TRUE","FALSE","FALSE","C1_shake",55,54.5549999999996,0.991909090909084,41,0.0602941176470588,8,0.0117647058823529,6538.26334,9.61509314705882,85.4117647058823,57.6271687924831,30.4294117647059,48,90.6326312941176,0,59.9970588235294,58,0,0.225,0.478552631578944,0.482456140350877,0.473684210526316,0.657894736842105,0.359649122807018,0.0701754385964912,57.3531871929825,TRUE
"5301e41a-4687-4d81-abd5-9103dd9d50e5","C6F079","1.0.0","2026-06-05 19:30:30+00","2026-06-05 19:35:06+00",386,5,30,"",435,18,5306,"win",4,1568,"TRUE","FALSE","TRUE","C5_shake_recoil",20,20,1,204,0.165718927701056,8,0.00649878147847279,12921.79746,10.4969922502031,91.6328188464663,27.7007533301131,29.8139723801787,61,150.085417684809,0,59.2965069049553,55,0,0,0.0466321243523316,0.0518134715025907,1.12694300518135,13.7461139896373,0.528497409326425,0.0207253886010363,33.4761592227979,FALSE
"54448c6e-91f8-473c-9073-92b6e431d4a0","C6C740","1.0.0","2026-06-04 19:07:45+00","2026-06-04 19:12:39+00",302,5,31,"",435,19,6289,"win",0,1142,"TRUE","TRUE","TRUE","C7_all",20,20,1,266,0.211111111111111,13,0.0103174603174603,13399.84135,10.6347947222222,91.5079365079365,43.1773677278251,30.8047619047619,58,112.986937619048,0,60.0063492063492,58,0,0,0.0629139072847682,0.0662251655629139,1.44039735099338,20.8245033112583,0.880794701986755,0.043046357615894,44.3703355960265,FALSE
"547c202d-b1b3-4c60-99a5-8ea4b22b788b","C6P601","1.0.0","2026-06-04 19:08:58+00","2026-06-04 19:11:52+00",187,5,24,"",435,20,1921,"win",1,3901,"TRUE","TRUE","TRUE","C7_all",21,21,1,51,0.0611510791366906,4,0.00479616306954436,3539.99375,4.24459682254197,36.0911270983213,48.0553037041102,20.9964028776978,40,152.201007627098,0,60.0119904076739,58,0,0,0.106951871657754,0.112299465240642,2.32620320855615,10.2727272727273,0.272727272727273,0.0213903743315508,18.9304478609626,FALSE
"55442d1a-09e9-40da-bd50-07067d06d202","C6F310","1.0.0","2026-06-08 16:18:23+00","2026-06-08 16:20:24+00",127,2,9,"zombie",64,50.61,94,"death",0,46,"FALSE","TRUE","TRUE","C6_zoom_recoil",51,50.61,0.99235294117647,102,0.112087912087912,28,0.0307692307692308,11169.48951,12.2741642967033,109.384615384615,52.4960618211271,38.8945054945055,56,110.444256021978,0,47.7241758241758,40,0.696703296703297,0.102197802197802,0.398503937007874,0.401574803149606,0.503937007874016,0.740157480314961,0.803149606299213,0.220472440944882,87.9487362992126,TRUE
"5ad6173a-e8c5-467c-84e4-239f7bafba3f","C6J251","1.0.0","2026-06-05 15:15:21+00","2026-06-05 15:21:05+00",360,5,31,"",435,22,6380,"win",1,2717,"FALSE","FALSE","TRUE","C3_recoil",23,23,1,567,0.376494023904382,44,0.0292164674634794,18433.48098,12.2400272111554,116.424302788845,49.9622440207269,26.3877822045153,59,156.092354515272,0,59.5710491367862,55,0,0,0.0611111111111111,0.0638888888888889,1.20833333333333,17.7222222222222,1.575,0.122222222222222,51.2041138333333,FALSE
"5f346316-7b98-4fed-9d5e-0aace5ac2f77","C6C128","1.0.0","2026-06-08 16:17:55+00","2026-06-08 16:27:37+00",599,5,34,"enemy",434,281.879999999999,11091,"death",51,11484,"TRUE","TRUE","TRUE","C7_all",186,281.879999999999,1.51548387096774,3442,0.830197780993729,318,0.0767004341534009,53323.21983,12.861365130246,111.137240713941,29.73592219464,28.3239266763145,62,86.5990652411963,0,59.6367583212735,54,0,0,0.470584307178629,0.310517529215359,0.724540901502504,18.5158597662771,5.74624373956594,0.530884808013356,89.0204003839733,TRUE
"613255d8-47d3-42be-8925-4e006c72eb2f","C6N732","1.0.0","2026-06-08 16:19:38+00","2026-06-08 16:24:33+00",320,5,34,"",435,30,10393,"win",15,455,"FALSE","TRUE","FALSE","C2_zoom",31,31,1,681,0.376035339591386,26,0.0143567090005522,25628.76974,14.151722661513,143.060463832137,52.7671766656641,29.3141910546659,69,126.925129320817,0,59.8558807288791,55,0,0,0.09375,0.096875,1.359375,32.478125,2.128125,0.08125,80.0899054375,FALSE
"621165b4-b72a-4b51-aca8-8901fdd12de6","C6M619","1.0.0","2026-06-09 13:17:36+00","2026-06-09 13:22:46+00",324,5,24,"",435,3,1638,"win",0,101,"TRUE","TRUE","FALSE","C4_shake_zoom",4,4,1,266,0.263627353815659,7,0.00693756194251734,11463.95947,11.3617041328048,97.5222993062438,15.5521954080295,26.2566897918731,44,171.224346085233,0,59.7512388503469,56,0,0,0.00925925925925926,0.0123456790123457,1.34259259259259,5.05555555555556,0.820987654320988,0.0216049382716049,35.3825909567901,FALSE
"634e38f9-b18e-4f50-9032-7a9cd74c0cb3","C6J186","1.0.0","2026-06-08 16:23:03+00","2026-06-08 16:27:29+00",279,5,31,"",435,43,6218,"win",13,1425,"TRUE","FALSE","FALSE","C1_shake",49,49,1,316,0.23218221895665,11,0.00808229243203527,16419.37848,12.0642016752388,103.203526818516,31.7299337130533,28.017634092579,74,138.028635099192,0,59.9970609845702,57,0,0,0.154121863799283,0.175627240143369,1.55913978494624,22.2867383512545,1.1326164874552,0.039426523297491,58.8508189247312,FALSE
"65b2d718-b1e1-4b2e-90c8-b45bf09c8a0c","C6N421","1.0.0","2026-06-04 19:13:49+00","2026-06-04 19:20:06+00",395,5,29,"",435,68,4180,"win",7,5262,"FALSE","FALSE","FALSE","C0_baseline",70,70,1,759,0.395106715252473,26,0.0135346173867777,27436.70834,14.2825134513274,123.230088495575,30.2462316943932,33.8750650702759,63,102.772398381052,0,60.0005205622072,59,0,0,0.172151898734177,0.177215189873418,1.10126582278481,10.5822784810127,1.92151898734177,0.0658227848101266,69.460021113924,FALSE
"6683724d-4b30-470e-b677-f0abfa3ca6d2","C32715","1.0.0","2026-06-15 19:17:26+00","2026-06-15 19:27:12+00",599,5,27,"enemy",434,93.0983387682546,3082,"death",2,8029,"FALSE","FALSE","TRUE","C3_recoil",50,93.0983387682546,1.86196677536509,257,0.103462157809984,19,0.00764895330112721,37627.571798,15.1479757640902,132.081320450886,42.5512392705441,38.4005636070853,81,129.046580890097,0,59.3578904991948,53,0,0,0.155422936174048,0.0834724540901502,0.724540901502504,5.14524207011686,0.429048414023372,0.0317195325542571,62.8173151886477,TRUE
"67c16107-bd12-4c96-ac7e-51da750aa2c3","C6C662","1.0.0","2026-06-08 16:17:38+00","2026-06-08 16:24:49+00",442,5,37,"",435,109,18619,"win",18,13400,"FALSE","TRUE","FALSE","C2_zoom",109,109,1,1040,0.362495643081213,18,0.00627396305332869,45210.61707,15.758318950854,139.261937957476,40.5755437237079,33.4029278494249,81,105.178915089578,0,46.3879400487975,40,0.768909027535727,0,0.246606334841629,0.246606334841629,0.984162895927602,42.1244343891403,2.35294117647059,0.0407239819004525,102.286463959276,FALSE
"689bcacd-5e06-4be3-be11-3e60dc829331","C5J686","1.0.0","2026-06-09 13:36:26+00","2026-06-09 13:44:18+00",486,5,37,"",435,40,18264,"win",9,847,"FALSE","TRUE","TRUE","C6_zoom_recoil",40,40,1,1230,0.363367799113737,37,0.010930576070901,58996.28057,17.4287387208272,171.806129985229,43.2047241128638,40.810635155096,115,128.351725285081,0,58.4531757754801,49,0.00265878877400295,0,0.0823045267489712,0.0823045267489712,0.895061728395062,37.5802469135802,2.53086419753086,0.0761316872427984,121.391523806584,FALSE
"692afeaf-88db-4284-976e-beeee8413b96","C6E975","1.0.0","2026-06-08 16:17:06+00","2026-06-08 16:26:50+00",599,5,30,"enemy",434,164,5623,"death",1,4132,"TRUE","TRUE","FALSE","C4_shake_zoom",65,164,2.52307692307692,764,0.195246613851265,23,0.00587784308714541,46295.71463,11.8312585305392,104.440327114746,22.5809400575064,41.7766419626885,80,121.83842124048,0,49.4571939688219,39,0.552261691796575,0,0.273789649415693,0.108514190317195,0.724540901502504,9.3873121869783,1.2754590984975,0.0383973288814691,77.2883382804674,TRUE
"6d229162-2e07-41e4-bc92-6ad11ae33970","C6M780","1.0.0","2026-06-05 15:16:12+00","2026-06-05 15:21:36+00",338,5,29,"",435,15,4616,"win",0,2366,"FALSE","FALSE","TRUE","C3_recoil",15,15,1,823,0.512134411947729,23,0.014312383322962,25168.32022,15.6616802862477,145.177349097698,33.6501343446305,31.201617921593,63,96.9928299937772,0,56.4735532047293,52,0,0,0.0443786982248521,0.0443786982248521,1.28698224852071,13.6568047337278,2.43491124260355,0.0680473372781065,74.4624858579882,FALSE
"6d6c8b0a-7f32-4120-864f-1757d438c8a5","C6F310","1.0.0","2026-06-08 16:15:23+00","2026-06-08 16:18:17+00",200,3,13,"archer",95,75.91,201,"death",3,92,"FALSE","TRUE","TRUE","C6_zoom_recoil",76,75.91,0.998815789473684,128,0.127236580516899,26,0.025844930417495,7971.91763,7.92437140159046,70.8747514910537,45.456558658378,38.6282306163022,55,89.3202046222664,0,50.5765407554672,40,0.481113320079523,0.175944333996024,0.37955,0.38,0.475,1.005,0.64,0.13,39.85958815,TRUE
"6ed179b4-89b7-43c6-822a-653ff5ce4b9d","C6N647","1.0.0","2026-06-11 13:12:29+00","2026-06-11 13:20:39+00",502,5,33,"",435,454,10155,"win",19,19757,"TRUE","TRUE","FALSE","C4_shake_zoom",454,454,1,1055,0.2868406742795,120,0.032626427406199,42189.2261,11.4706976889614,111.250679717238,55.281431604616,35.8936922240348,102,74.9805121498097,0,58.5038064165307,50,0,0,0.904382470119522,0.904382470119522,0.866533864541833,20.2290836653386,2.10159362549801,0.239043824701195,84.0422830677291,FALSE
"6f344d23-060f-487f-9a19-960432103187","C6H469","1.0.0","2026-06-11 13:10:33+00","2026-06-11 13:16:15+00",354,5,32,"",435,33,7860,"win",1,5963,"FALSE","TRUE","FALSE","C2_zoom",33,33,1,679,0.354569190600522,20,0.010443864229765,28291.4328,14.773594151436,127.456919060052,24.6703998540022,30.3973890339426,81,119.941912114883,0,59.3624020887728,53,0,0,0.0932203389830508,0.0932203389830508,1.22881355932203,22.2033898305085,1.9180790960452,0.0564971751412429,79.9193016949152,FALSE
"6f5d4349-239d-44b8-98da-4828fdc75a5c","C6F643","1.0.0","2026-06-05 19:19:49+00","2026-06-05 19:27:59+00",545,5,36,"",435,65,17118,"win",12,4461,"TRUE","TRUE","FALSE","C4_shake_zoom",69,69,1,220,0.128205128205128,26,0.0151515151515152,23101.568,13.4624522144522,116.270396270396,41.9031963414841,28.9865967365967,71,162.893802365967,0,59.2027972027972,55,0,0,0.119266055045872,0.126605504587156,0.798165137614679,31.4091743119266,0.403669724770642,0.0477064220183486,42.3881981651376,FALSE
"6f7225e5-b6d0-4c5c-aa6a-bbe232c5997d","C5D447","1.0.0","2026-06-05 19:16:16+00","2026-06-05 19:26:05+00",599,5,35,"enemy",434,435.80137912323,14093,"death",52,22821,"FALSE","TRUE","TRUE","C6_zoom_recoil",371,435.80137912323,1.17466679008957,1334,0.388921282798834,21,0.00612244897959184,49897.69438,14.5474327638484,125.405247813411,22.7003680390944,42.7148688046647,103,63.0655437696793,0,59.4536443148688,55,0,0.0180758017492711,0.72754821222576,0.619365609348915,0.724540901502504,23.5275459098497,2.22704507512521,0.0350584307178631,83.301660066778,TRUE
"6f93e1ac-02d4-4851-9145-f230dc3f0436","C6P512","1.0.0","2026-06-15 19:15:38+00","2026-06-15 19:25:00+00",573,5,36,"",435,354,16902,"win",79,14452,"FALSE","FALSE","FALSE","C0_baseline",355,355,1,750,0.237567310738042,27,0.00855242318656953,35098.04557,11.1175310643016,97.0541653468483,16.9114196510889,38.9768767817548,98,72.5062247956921,0,59.0351599619892,53,0,0.0148875514729173,0.617801047120419,0.619546247818499,0.759162303664921,29.4973821989529,1.30890052356021,0.0471204188481675,61.2531336300175,FALSE
"70148665-4c49-4e80-9e8d-bfddc9aaebd0","C6H502","1.0.0","2026-06-08 16:19:56+00","2026-06-08 16:26:33+00",407,5,33,"",435,185,8802,"win",34,11057,"TRUE","TRUE","FALSE","C4_shake_zoom",185,185,1,691,0.239764052741152,51,0.0176960444136017,28512.25902,9.89321964607911,95.3331020124913,51.2376506978449,34.8448993754337,96,119.050816730743,0,57.324080499653,52,0,0.211311589174185,0.454545454545455,0.454545454545455,1.06879606879607,21.6265356265356,1.6977886977887,0.125307125307125,70.0546904668305,FALSE
"7031b138-ad7f-4da4-a7d4-d8b5e3ecd4df","C6M259","1.0.0","2026-06-09 14:14:23+00","2026-06-09 14:17:02+00",166,5,26,"",435,2,2430,"win",0,44,"FALSE","FALSE","FALSE","C0_baseline",3,3,1,291,0.3,12,0.0123711340206186,12524.57027,12.9119281134021,122.530927835052,44.9292710085427,26.7567010309278,48,128.315627525773,0,56.5329896907216,52,0,0,0.0120481927710843,0.0180722891566265,2.62048192771084,14.6385542168675,1.75301204819277,0.072289156626506,75.4492184939759,FALSE
"7033731e-be72-49f3-a158-88e7c4890a67","C6E968","1.0.0","2026-06-08 16:37:51+00","2026-06-08 16:47:27+00",599,5,26,"enemy",434,130.166994333333,2825,"death",2,8599,"TRUE","FALSE","TRUE","C5_shake_recoil",57,130.166994333333,2.28363147953216,418,0.0975951435909409,11,0.00256829325239318,56655.41118,13.2279736586505,117.865981788466,29.1811614799939,55.2727060471632,90,195.573234760682,0,50.5017511090357,40,0.495447116507121,0,0.21730716917084,0.0951585976627713,0.724540901502504,4.71619365609349,0.697829716193656,0.0183639398998331,94.5833241736227,TRUE
"7546a5ef-7cb3-4608-8e5e-89703199492a","C6P283","1.0.0","2026-06-05 16:12:04+00","2026-06-05 16:17:41+00",352,5,35,"",435,90,13321,"win",0,9037,"FALSE","FALSE","TRUE","C3_recoil",90,90,1,339,0.186776859504132,25,0.0137741046831956,19099.748021,10.5232771465565,92.0220385674931,36.6670943696579,27.7917355371901,92,119.397227763085,0,59.3586776859504,55,0,0,0.255681818181818,0.255681818181818,1.23579545454545,37.84375,0.963068181818182,0.0710227272727273,54.2606477869318,FALSE
"788b5019-b7b5-469d-a1cb-3097e10d49ad","C6C683","1.0.0","2026-06-09 14:02:33+00","2026-06-09 14:05:50+00",206,1,1,"enemy",0,50,0,"death",0,0,"TRUE","TRUE","TRUE","C7_all",1,50,50,,,,,,,,,,,,,,,,,0.242718446601942,0.00485436893203883,0,0,,,,TRUE
"7977afbe-8e55-42c2-93d8-26664e97cf4e","C6K604","1.0.0","2026-06-08 16:26:52+00","2026-06-08 16:35:28+00",529,5,33,"",435,84,8697,"win",34,14942,"FALSE","FALSE","TRUE","C3_recoil",85,85,1,1079,0.323053892215569,54,0.0161676646706587,51862.40806,15.5276670838323,134.14371257485,87.6351709416548,37.2799401197605,86,108.282482053892,0,59.9931137724551,58,0,0,0.158790170132325,0.160680529300567,0.822306238185255,16.4404536862004,2.03969754253308,0.102079395085066,98.038578563327,FALSE
"79cce2e0-a462-4d63-81d1-e8d2ee2a09fc","C6N291","1.0.0","2026-06-09 13:53:50+00","2026-06-09 13:59:56+00",385,5,29,"",435,93,4812,"win",7,7374,"FALSE","FALSE","TRUE","C3_recoil",93,93,1,92,0.041329739442947,6,0.00269541778975741,20758.01711,9.32525476639712,82.0305480682839,38.4019072719891,33.3688230008985,68,175.664184541779,0,59.5606469002695,55,0,0,0.241558441558442,0.241558441558442,1.12987012987013,12.4987012987013,0.238961038961039,0.0155844155844156,53.9169275584416,FALSE
"79e087ca-270b-4087-b0d4-9d9464369fbd","C23644","1.0.0","2026-06-08 16:20:07+00","2026-06-08 16:26:35+00",410,5,28,"",435,7,3663,"win",1,1380,"TRUE","TRUE","TRUE","C7_all",7,7,1,642,0.374781085814361,15,0.00875656742556918,30980.15655,18.0853219789842,155.709281961471,33.3569574110125,34.1120840630473,62,155.714239754816,0,59.4635143023935,54,0,0,0.0170731707317073,0.0170731707317073,1.0609756097561,8.93414634146341,1.56585365853659,0.0365853658536585,75.5613574390244,FALSE
"7a2a5f50-6269-4136-867f-01efe12eb3b1","C6J145","1.0.0","2026-06-11 13:17:42+00","2026-06-11 13:23:56+00",389,5,30,"",435,21,5205,"win",0,3009,"TRUE","TRUE","TRUE","C7_all",22,22,1,613,0.27390527256479,7,0.0031277926720286,28580.48329,12.7705465996425,123.891867739053,31.0449933191976,45.5138516532618,88,97.6700228016086,0,58.6474530831099,52,0,0,0.0539845758354756,0.0565552699228792,1.11825192802057,13.3804627249357,1.57583547557841,0.0179948586118252,73.4716794087404,FALSE
"7c364856-4292-498d-ab1a-e6d80a700e44","C6C267","1.0.0","2026-06-08 16:12:38+00","2026-06-08 16:21:55+00",585,5,31,"",435,113,6236,"win",19,8833,"TRUE","FALSE","TRUE","C5_shake_recoil",115,115,1,240,0.0745341614906832,25,0.0077639751552795,30887.72324,9.59246063354037,85.6149068322981,35.6159247068215,41.738198757764,80,115.666490649068,0,47.166149068323,40,0.702173913043478,0,0.193162393162393,0.196581196581197,0.743589743589744,10.6598290598291,0.41025641025641,0.0427350427350427,52.7995269059829,FALSE
"7cbc6bac-31b7-4341-8e27-9e0e39ea6ad5","C6F196","1.0.0","2026-06-11 13:14:16+00","2026-06-11 13:20:10+00",383,5,31,"",435,43,6056,"win",2,2447,"TRUE","FALSE","FALSE","C1_shake",43,43,1,588,0.324324324324324,28,0.0154440154440154,22746.67826,12.5464303695532,107.832322118036,38.1069789741506,31.4098179812466,78,99.1904313292885,0,59.7517926089355,55,0,0,0.112271540469974,0.112271540469974,1.13577023498695,15.8120104438642,1.53524804177546,0.0731070496083551,59.3908048563969,FALSE
"7f9a2bfb-e0f8-4dd3-9aad-991db4caf9bf","C6J068","1.0.0","2026-06-05 15:16:18+00","2026-06-05 15:23:20+00",442,5,34,"",435,34,11891,"win",8,4804,"FALSE","FALSE","FALSE","C0_baseline",37,37,1,860,0.351020408163265,52,0.0212244897959184,41021.03042,16.743277722449,163.855102040816,48.3735087628592,30.0036734693878,73,143.84073015102,0,59.8448979591837,54,0,0,0.0769230769230769,0.083710407239819,0.984162895927602,26.9027149321267,1.94570135746606,0.117647058823529,92.8077611312217,FALSE
"8049f7ab-ed9a-40c6-ac11-bb00a01272eb","C5D722","1.0.0","2026-06-04 19:13:34+00","2026-06-04 19:23:01+00",599,5,37,"enemy",434,299.21333333334,17700,"death",0,7884,"FALSE","FALSE","TRUE","C3_recoil",268,299.213333333341,1.11646766169157,1041,0.285049288061336,18,0.00492880613362541,41507.30574,11.3656368400876,97.5082146768894,15.589614715535,37.3458378970427,99,93.3425258023001,0,59.9975355969332,57,0,0.241511500547645,0.499521424596561,0.447412353923205,0.724540901502504,29.5492487479132,1.73789649415693,0.0300500834724541,69.2943334557596,TRUE
"81897b06-fd81-4935-9f3e-1c168deb59e9","C6E800","1.0.0","2026-06-05 15:20:58+00","2026-06-05 15:30:29+00",582,5,37,"",435,383,18914,"win",77,22917,"FALSE","FALSE","FALSE","C0_baseline",383,383,1,1144,0.263594470046083,35,0.00806451612903226,53945.35738,12.4298058479263,121.503456221198,42.8133553271243,44.6152073732719,116,65.0056787119816,0,57.915668202765,50,0,0.00599078341013825,0.65807560137457,0.65807560137457,0.747422680412371,32.4982817869416,1.96563573883162,0.0601374570446735,92.6896174914089,FALSE
"81b98eed-3c9b-4dac-a7cf-101b8d758192","C22732","1.0.0","2026-06-08 16:32:13+00","2026-06-08 16:35:21+00",216,4,22,"enemy",403,98.5584192329947,1192,"death",2,3886,"TRUE","TRUE","TRUE","C7_all",31,98.5584192329947,3.17930384622564,468,0.332386363636364,7,0.00497159090909091,22407.86031,15.914673515625,141.799244318182,48.6082941672875,39.7819602272727,66,81.6179761931818,0,48.7066761363636,41,0.670454545454545,0,0.456288977930531,0.143518518518519,1.86574074074074,5.51851851851852,2.16666666666667,0.0324074074074074,103.740094027778,TRUE
"858e8d70-6151-46c8-ae86-08a6672d77f6","C6F087","1.0.0","2026-06-09 14:00:31+00","2026-06-09 14:08:14+00",485,5,38,"",435,236,24899,"win",12,13678,"FALSE","TRUE","TRUE","C6_zoom_recoil",236,236,1,490,0.20536462699078,23,0.009639564124057,31287.86784,13.1131047108131,112.757753562448,38.8268962816698,32.3981559094719,91,75.1450679450964,0,59.2854149203688,54,0,0,0.48659793814433,0.48659793814433,0.896907216494845,51.3381443298969,1.01030927835052,0.0474226804123711,64.5110677113402,FALSE
"866ae6ff-f11a-48a5-80c4-82cc30f73382","C6P283","1.0.0","2026-06-05 15:17:05+00","2026-06-05 15:26:50+00",599,5,38,"enemy",434,232.981666666669,23675,"death",32,8354,"FALSE","FALSE","TRUE","C3_recoil",179,232.981666666669,1.30157355679703,744,0.216909620991254,18,0.00524781341107872,42342.53359,12.3447619795918,106.304664723032,36.643540887336,34.8553935860058,94,85.7000633705539,0,59.5446064139942,38,0.00408163265306122,0,0.388951029493604,0.298831385642738,0.724540901502504,39.5242070116861,1.24207011686144,0.0300500834724541,70.6887038230384,TRUE
"87f2ad84-6a6c-45fd-8769-fbb8127db460","765601","1.0.0","2026-06-04 19:29:57+00","2026-06-04 19:32:19+00",162,2,7,"archer",37,55.646640533334,56,"death",0,1658,"TRUE","FALSE","FALSE","C1_shake",56,55.646640533334,0.993690009523821,19,0.0256064690026954,5,0.00673854447439353,5286.35751,7.12447103773585,64.4204851752022,47.9076485716751,32.311320754717,49,118.832539986523,0,59.989218328841,59,0,0.191374663072776,0.343497781069963,0.345679012345679,0.228395061728395,0.345679012345679,0.117283950617284,0.0308641975308642,32.6318364814815,TRUE
"89ad5a3a-b615-4b5c-935b-4558b5a3b498","C6M259","1.0.0","2026-06-09 14:21:16+00","2026-06-09 14:24:12+00",182,5,27,"",435,0,3069,"win",0,0,"FALSE","FALSE","FALSE","C0_baseline",0,0,,361,0.353574926542605,12,0.0117531831537708,10654.99475,10.4358420666014,99.3143976493634,8.25572162583554,26.4838393731636,45,159.11680489716,0,56.3741429970617,45,0.0029382957884427,0,0,0,2.39010989010989,16.8626373626374,1.98351648351648,0.0659340659340659,58.5439271978022,FALSE
"8c8dc550-93e5-4ed0-b7de-35848833931a","C4F035","1.0.0","2026-06-05 19:23:34+00","2026-06-05 19:28:56+00",331,5,29,"",435,45,4207,"win",1,6139,"TRUE","TRUE","TRUE","C7_all",45,45,1,630,0.374554102259215,16,0.00951248513674197,25077.98488,14.9096224019025,128.668252080856,21.5687118427111,30.5648038049941,63,94.5065560166469,0,59.9791914387634,55,0,0,0.13595166163142,0.13595166163142,1.31419939577039,12.7099697885196,1.90332326283988,0.0483383685800604,75.7643047734139,FALSE
"8d3951ff-68f5-4229-abc8-b0e014ccf3e4","C6E975","1.0.0","2026-06-08 16:27:29+00","2026-06-08 16:34:34+00",438,5,37,"",435,84,18391,"win",7,2041,"TRUE","TRUE","FALSE","C4_shake_zoom",85,85,1,634,0.254414125200642,28,0.0112359550561798,39364.29389,15.796265605939,140.795222311396,88.3668714268799,30.7363563402889,73,136.39424473114,0,48.9735152487961,40,0.586677367576244,0,0.191780821917808,0.194063926940639,0.993150684931507,41.9885844748858,1.44748858447489,0.0639269406392694,89.8728171004566,FALSE
"8e67c14b-098a-4790-8301-ab832419230f","C6E631","1.0.0","2026-06-08 16:18:18+00","2026-06-08 16:24:59+00",412,5,30,"",435,33,5720,"win",11,5570,"TRUE","FALSE","TRUE","C5_shake_recoil",34,34,1,838,0.348730753225135,28,0.011652101539742,33273.63346,13.846705559717,119.98127340824,40.3810645422468,39.0624219725343,78,115.856999292551,0,59.5555555555556,54,0,0,0.0800970873786408,0.0825242718446602,1.05582524271845,13.8834951456311,2.03398058252427,0.0679611650485437,80.7612462621359,FALSE
"91b87802-8707-470d-9d00-064479a4a5b8","C6P919","1.0.0","2026-06-11 13:18:41+00","2026-06-11 13:28:20+00",599,4,22,"enemy",184,104.470669050001,1192,"death",1,7481,"FALSE","TRUE","TRUE","C6_zoom_recoil",31,104.470669050001,3.3700215822581,568,0.200070447340613,13,0.00457907713983797,40991.84568,14.4388325748503,142.152166255724,46.0529854789169,54.1109545614653,88,167.803994656569,0,59.940119760479,58,0,0,0.17440846252087,0.0517529215358932,0.307178631051753,1.98998330550918,0.948247078464107,0.0217028380634391,68.4337991318865,TRUE
"92d8e45d-01ab-4c73-a57a-7ca89a92dea1","C6E333","1.0.0","2026-06-05 15:14:14+00","2026-06-05 15:20:45+00",434,5,28,"",435,19,3940,"win",0,1934,"TRUE","FALSE","FALSE","C1_shake",20,20,1,518,0.353101567825494,12,0.0081799591002045,17139.32015,11.6832448193592,106.584867075665,29.1487948317357,28.2481254260395,55,123.951992501704,0,49.2672119972733,44,0.329925017041581,0,0.043778801843318,0.0460829493087558,1.00230414746544,9.07834101382488,1.19354838709677,0.0276497695852535,39.4915210829493,FALSE
"93bad4a3-b6cc-4716-8212-ae631efe5f35","C6N594","1.0.0","2026-06-09 13:18:36+00","2026-06-09 13:22:59+00",287,5,28,"",435,30,3949,"win",10,2648,"TRUE","TRUE","TRUE","C7_all",30,30,1,491,0.366965620328849,33,0.0246636771300448,13387.916579,10.00591672571,91.0313901345291,28.5838356967209,29.1509715994021,57,130.675810014948,0,59.355754857997,55,0,0,0.104529616724739,0.104529616724739,1.51567944250871,13.7595818815331,1.71080139372822,0.114982578397213,46.6477929581882,FALSE
"9587088e-2b70-400c-959b-ed89dcdcc02a","C6M619","1.0.0","2026-06-09 14:31:05+00","2026-06-09 14:35:55+00",297,5,30,"",435,116,5126,"win",0,499,"TRUE","TRUE","FALSE","C4_shake_zoom",116,116,1,365,0.3564453125,9,0.0087890625,11458.36851,11.1898129980469,98.2421875,13.1476292143848,29.1259765625,57,88.8672714746094,0,58.0537109375,45,0.0048828125,0,0.390572390572391,0.390572390572391,1.46464646464646,17.2592592592593,1.22895622895623,0.0303030303030303,38.5803653535354,FALSE
"989215b9-2bdf-4c15-a089-a53d4e201445","765601","1.0.0","2026-06-04 19:45:13+00","2026-06-04 19:47:14+00",129,3,16,"enemy",149,55.7499999999967,364,"death",1,1399,"TRUE","FALSE","FALSE","C1_shake",34,55.7499999999967,1.63970588235284,26,0.0416666666666667,8,0.0128205128205128,6035.47003,9.67222761217949,95.1282051282051,43.7670350891762,32.1298076923077,51,117.460553701923,0,60.0032051282051,57,0,0,0.432170542635633,0.263565891472868,1.15503875968992,2.82170542635659,0.201550387596899,0.062015503875969,46.786589379845,TRUE
"996ab3fb-c28a-4951-a2af-8850a2aaf382","C6K949","1.0.0","2026-06-08 16:11:51+00","2026-06-08 16:15:20+00",220,3,19,"enemy",191,80.4599999999999,704,"death",13,172,"FALSE","TRUE","FALSE","C2_zoom",81,80.4599999999999,0.993333333333332,143,0.103174603174603,17,0.0122655122655123,11483.76656,8.28554585858586,73.8816738816739,43.9438154125057,38.8838383838384,60,105.67218234632,0,60.004329004329,58,0,0.183261183261183,0.365727272727272,0.368181818181818,0.868181818181818,3.2,0.65,0.0772727272727273,52.1989389090909,TRUE
"9ab3cb58-4328-49e5-83a8-a1dbb1e96fa3","C27336","1.0.0","2026-06-08 16:24:35+00","2026-06-08 16:29:57+00",326,5,23,"zombie",409,72.5262044305918,1455,"death",5,6184,"TRUE","FALSE","TRUE","C5_shake_recoil",73,72.5262044305918,0.993509649734134,396,0.209856915739269,29,0.0153683094859565,22398.04815,11.8696598569157,105.039745627981,40.6927161407664,46.498675145734,75,84.1096818802332,0,49.4430312665607,40,0.526762056173821,0.464758876523582,0.222473019725742,0.223926380368098,1.25460122699387,4.46319018404908,1.21472392638037,0.0889570552147239,68.7056691717791,TRUE
"9cd9cb7a-588c-4e2b-be05-e8bb79f9757f","C6M259","1.0.0","2026-06-09 13:23:32+00","2026-06-09 13:26:39+00",197,5,28,"",435,19,3770,"win",2,1317,"FALSE","FALSE","FALSE","C0_baseline",20,20,1,517,0.419983753046304,35,0.0284321689683184,12749.98988,10.3574247603574,98.2940698619009,12.9545028336351,27.6831844029245,54,107.290173306255,0,56.5101543460601,52,0,0,0.0964467005076142,0.101522842639594,2.20812182741117,19.1370558375635,2.6243654822335,0.177664974619289,64.7207608121827,FALSE
"9d8bbd50-38f6-4adb-b6bd-75316bcbdefc","C6D710","1.0.0","2026-06-05 19:24:45+00","2026-06-05 19:28:37+00",267,4,20,"enemy",303,118.53665,912,"death",0,2428,"TRUE","TRUE","FALSE","C4_shake_zoom",20,118.53665,5.92683249999998,192,0.158024691358025,9,0.00740740740740741,15981.45813,13.1534634814815,113.163580246914,25.8462764219785,38.517695473251,62,103.915579407407,0,59.4740740740741,55,0,0,0.443957490636704,0.0749063670411985,1.13483146067416,3.41573033707865,0.719101123595506,0.0337078651685393,59.8556484269663,TRUE
"9e43f054-b7f0-4a0e-ab92-f14b62b69f0f","C6E077","1.0.0","2026-06-05 15:19:51+00","2026-06-05 15:25:21+00",340,5,31,"",435,86,6995,"win",19,7569,"TRUE","FALSE","TRUE","C5_shake_recoil",87,87,1,409,0.20118052139695,38,0.0186915887850467,31904.65438,15.6933863157895,137.097884899164,49.8594358863204,30.7324151500246,65,117.598862547959,0,58.6448598130841,51,0,0,0.252941176470588,0.255882352941176,1.27941176470588,20.5735294117647,1.20294117647059,0.111764705882353,93.8372187647059,FALSE
"9face13f-c901-4cc0-9f9a-dd9efc6d4887","C5J364","1.0.0","2026-06-04 19:14:14+00","2026-06-04 19:23:57+00",599,5,28,"enemy",434,290.995302300015,3570,"death",0,25747,"FALSE","FALSE","FALSE","C0_baseline",274,290.995302300015,1.06202665072998,235,0.063189029308954,35,0.00941113202473783,52906.4991,14.2260013713364,124.611454692122,88.7568248169963,53.5157300349556,105,155.939403726808,0,60.0016133369185,58,0,0.0056466792148427,0.485801840233748,0.457429048414023,0.724540901502504,5.95993322203673,0.392320534223706,0.0584307178631052,88.3247063439065,TRUE
"a0bf9a3f-dcc7-48b9-953c-ec94412c791d","C6M649","1.0.0","2026-06-08 16:18:56+00","2026-06-08 16:28:40+00",599,5,36,"enemy",434,189,15524,"death",52,10559,"FALSE","TRUE","FALSE","C2_zoom",115,189,1.64347826086957,204,0.0631578947368421,25,0.00773993808049536,36733.8165,11.3726986068111,104.179566563467,50.6657087686268,29.7117647058824,73,136.628921879876,0,50.8904024767802,40,0.434365325077399,0,0.315525876460768,0.191986644407346,0.724540901502504,25.9165275459099,0.340567612687813,0.0417362270450751,61.3252362270451,TRUE
"a237dbf8-beeb-4a59-ab92-d49219739e0e","C6K949","1.0.0","2026-06-08 16:15:31+00","2026-06-08 16:21:39+00",379,5,32,"enemy",434,172,7800,"death",32,8215,"FALSE","TRUE","FALSE","C2_zoom",123,172,1.39837398373984,265,0.0983667409057164,23,0.00853749072011878,26164.17019,9.71201566072754,85.7832219747587,34.9286972053624,42.8285077951002,77,124.104724246474,0,60.0033407572383,57,0,0,0.453825857519789,0.324538258575198,1.14511873350923,20.5804749340369,0.699208443271768,0.0606860158311346,69.0347498416887,TRUE
"a39e7406-c615-43bd-8fd2-7e790ad63876","C6E934","1.0.0","2026-06-09 13:26:58+00","2026-06-09 13:31:47+00",297,1,1,"enemy",0,50,0,"death",0,0,"TRUE","TRUE","FALSE","C4_shake_zoom",1,50,50,0,0,0,0,0,0,0,0,10.8529411764706,19,410.423176470588,0,60.3529411764706,59,0,0,0.168350168350168,0.00336700336700337,0,0,0,0,0,TRUE
"a6d1ed5d-2cb9-4cee-ab6d-4425ab35a53d","C6M259","1.0.0","2026-06-09 14:36:51+00","2026-06-09 14:40:36+00",241,5,29,"",435,40,4817,"win",1,0,"FALSE","FALSE","FALSE","C0_baseline",42,42,1,398,0.355040142729706,18,0.016057091882248,15164.12711,13.5273212399643,126.71721677074,48.7918259924271,27.4861730597681,54,87.3320318019625,0,56.1400535236396,43,0.00267618198037467,0.0606601248884924,0.16597510373444,0.174273858921162,1.80497925311203,19.9875518672199,1.65145228215768,0.0746887966804979,62.921689253112,FALSE
"a87a8604-d3a5-44e7-935f-4c2dc8365229","C6P592","1.0.0","2026-06-04 19:06:45+00","2026-06-04 19:11:13+00",277,5,30,"",435,29,5092,"win",3,178,"TRUE","FALSE","TRUE","C5_shake_recoil",29,29,1,668,0.416718652526513,28,0.0174672489082969,29446.81573,18.3698164254523,159.912663755459,51.1114774700081,36.8652526512789,68,114.214026300686,0,60.0168434185901,57,0,0,0.104693140794224,0.104693140794224,1.57039711191336,18.3826714801444,2.4115523465704,0.101083032490975,106.306193971119,FALSE
"a8d1c687-19dd-45e2-9790-065afb18364c","C6J969","1.0.0","2026-06-05 15:15:38+00","2026-06-05 15:20:08+00",287,5,29,"",435,23,4888,"win",4,2499,"FALSE","TRUE","FALSE","C2_zoom",23,23,1,315,0.254648342764753,11,0.00889248181083266,14429.30642,11.6647586257074,108.58528698464,23.7507324401302,26.7324171382377,50,116.043248536783,0,58.2109943411479,53,0,0,0.0801393728222996,0.0801393728222996,1.51567944250871,17.0313588850174,1.09756097560976,0.0383275261324042,50.276328989547,FALSE
"aa655d65-e325-4f24-aa9d-7f7fc515f2aa","C6M259","1.0.0","2026-06-09 14:33:54+00","2026-06-09 14:36:05+00",136,4,21,"enemy",233,100,1050,"death",1,1,"FALSE","FALSE","FALSE","C0_baseline",31,100,3.2258064516129,132,0.180821917808219,2,0.00273972602739726,6665.64199,9.13101642465753,84.2465753424657,47.9602546988612,29.158904109589,43,82.0773270410959,0,56.2246575342466,52,0,0,0.735294117647059,0.227941176470588,1.71323529411765,7.72058823529412,0.970588235294118,0.0147058823529412,49.0120734558824,TRUE
"af37841a-5da4-4b27-b085-5b56eaba9bf3","C6J480","1.0.0","2026-06-08 16:22:09+00","2026-06-08 16:31:53+00",599,5,33,"enemy",434,275.491381400001,9811,"death",22,19524,"FALSE","FALSE","TRUE","C3_recoil",222,275.491381400001,1.24095216846847,780,0.194756554307116,41,0.0102372034956305,53488.511049,13.355433470412,130.789013732834,38.2728607146602,37.5470661672909,87,93.9571311882647,0,59.9011235955056,57,0,0,0.459918833722873,0.370617696160267,0.724540901502504,16.3789649415693,1.30217028380634,0.0684474123539232,89.2963456577629,TRUE
"afaa0155-d8f3-4a19-a679-8ef47249787c","C6E934","1.0.0","2026-06-09 13:22:04+00","2026-06-09 13:26:50+00",302,5,26,"",435,13,2802,"win",7,2261,"TRUE","TRUE","FALSE","C4_shake_zoom",14,14,1,279,0.165873959571938,20,0.0118906064209275,18987.005226,11.2883503127229,111.886890606421,40.2874204355738,32.2865636147444,66,153.221490243757,0,59.9351961950059,56,0,0,0.043046357615894,0.0463576158940397,1.44039735099338,9.27814569536424,0.923841059602649,0.0662251655629139,62.8708782317881,FALSE
"b1420e15-afa5-4ddf-add1-b8a2145496f0","C6P853","1.0.0","2026-06-15 19:17:27+00","2026-06-15 19:23:43+00",388,5,33,"",435,24,8834,"win",0,754,"FALSE","FALSE","FALSE","C0_baseline",24,24,1,651,0.353420195439739,21,0.011400651465798,34564.32998,18.7645656786102,160.682809989142,39.6162057527492,30.5597176981542,68,134.765182567861,0,59.8946796959826,55,0,0,0.0618556701030928,0.0618556701030928,1.12113402061856,22.7680412371134,1.67783505154639,0.0541237113402062,89.0833246907217,FALSE
"b2ea2a8d-0698-437a-ab5a-fe0d53f8e384","C6P414","1.0.0","2026-06-15 19:18:08+00","2026-06-15 19:22:33+00",291,5,29,"",435,13,4098,"win",2,291,"FALSE","TRUE","TRUE","C6_zoom_recoil",14,14,1,336,0.267942583732057,15,0.0119617224880383,15500.53225,12.3608710127592,111.363636363636,55.3002266657945,29.7328548644338,53,144.05784314992,0,56.5326953748006,52,0,0,0.0446735395189003,0.0481099656357388,1.49484536082474,14.0824742268041,1.15463917525773,0.0515463917525773,53.2664338487972,FALSE
"b329c955-b2ea-4ee5-a9a9-c23be8ef1b97","C6H626","1.0.0","2026-06-05 19:26:42+00","2026-06-05 19:36:27+00",599,5,34,"enemy",434,132,12220,"death",7,6866,"TRUE","TRUE","FALSE","C4_shake_zoom",58,132,2.27586206896552,1056,0.253298153034301,26,0.00623650755576877,63941.89631,15.3374661333653,147.560566082994,21.6458747951836,49.9417126409211,113,122.395899673783,0,57.2074838090669,52,0,0,0.220367278797997,0.0968280467445743,0.724540901502504,20.4006677796327,1.76293823038397,0.0434056761268781,106.747740083472,TRUE
"b6337ca6-0416-46b6-a9ed-a78d8ea4fa08","C6F428","1.0.0","2026-06-05 15:41:02+00","2026-06-05 15:45:33+00",285,5,27,"",435,8,3111,"win",0,1511,"FALSE","FALSE","FALSE","C0_baseline",8,8,1,417,0.341803278688525,15,0.0122950819672131,14284.32139,11.7084601557377,111.327868852459,17.7450926204255,28.9573770491803,51,119.924688852459,0,56.422131147541,49,0.0155737704918033,0,0.0280701754385965,0.0280701754385965,1.52631578947368,10.9157894736842,1.46315789473684,0.0526315789473684,50.1204259298246,FALSE
"b7927167-a7db-4e53-8ca9-c44109513a9c","C6J781","1.0.0","2026-06-05 19:23:38+00","2026-06-05 19:33:21+00",599,5,34,"enemy",434,402.83995266666,11530,"death",16,15408,"FALSE","TRUE","TRUE","C6_zoom_recoil",169,402.83995266666,2.38366835897432,281,0.0931080185553347,41,0.013585155732273,37267.36271,12.3483640523526,111.845593108019,50.687255736162,34.7833001988072,81,116.357862346256,0,59.4082173624917,13,0.00265076209410205,0,0.672520789092922,0.282136894824708,0.724540901502504,19.2487479131886,0.469115191986644,0.0684474123539232,62.2159644574291,TRUE
"b7c48a10-1c42-43c1-bc58-ece266868745","C6H217","1.0.0","2026-06-08 16:18:07+00","2026-06-08 16:25:50+00",472,5,35,"",435,102,12812,"win",41,5842,"FALSE","TRUE","TRUE","C6_zoom_recoil",102,102,1,710,0.226258763543658,48,0.0152963671128107,38985.35979,12.4236328202677,106.437221159975,29.0645140655562,37.1704907584449,92,101.317015328235,0,59.9244741873805,58,0,0,0.216101694915254,0.216101694915254,0.921610169491525,27.1440677966102,1.50423728813559,0.101694915254237,82.59610125,FALSE
"bb33ae0e-0e76-43dc-8d46-8bc833341d89","C6K735","1.0.0","2026-06-05 15:24:56+00","2026-06-05 15:34:18+00",599,5,28,"enemy",434,139.7899626,3629,"death",13,8889,"TRUE","FALSE","TRUE","C5_shake_recoil",91,139.7899626,1.53615343516483,720,0.198620689655172,38,0.0104827586206897,48070.83736,13.2609206510345,126.965517241379,37.6056117297579,50.2833103448276,86,112.160839964138,0,59.9222068965517,58,0,0,0.233372224707846,0.151919866444073,0.724540901502504,6.05843071786311,1.20200333889816,0.0634390651085142,80.2518152921536,TRUE
"bd4d300a-53d4-4b24-ad46-64d19ab0e84c","C6F681","1.0.0","2026-06-11 13:16:21+00","2026-06-11 13:21:40+00",331,5,29,"",435,53,4749,"win",5,4416,"TRUE","TRUE","FALSE","C4_shake_zoom",54,54,1,510,0.307971014492754,35,0.0211352657004831,23092.74381,13.9448936050725,120.347222222222,66.5077300426145,29.981884057971,57,116.050219202899,0,59.4921497584541,54,0,0,0.16012084592145,0.163141993957704,1.31419939577039,14.3474320241692,1.54078549848943,0.105740181268882,69.7665976132931,FALSE
"bd702323-3ac9-41e4-a523-36ce1e6ee464","C6D796","1.0.0","2026-06-08 16:26:00+00","2026-06-08 16:29:48+00",232,5,32,"",435,13,7404,"win",0,301,"FALSE","FALSE","TRUE","C3_recoil",13,13,1,325,0.318627450980392,15,0.0147058823529412,11097.75876,10.8801556470588,93.5294117647059,24.6126840778142,24.4156862745098,49,151.75513127451,0,60.0029411764706,57,0,0,0.0560344827586207,0.0560344827586207,1.875,31.9137931034483,1.40086206896552,0.0646551724137931,47.8351670689655,FALSE
"bd717d47-60ae-4fdb-a0cb-1c515c1c3f27","C6K956","1.0.0","2026-06-05 15:29:34+00","2026-06-05 15:35:39+00",388,5,31,"",435,91,6972,"win",38,3899,"TRUE","FALSE","FALSE","C1_shake",91,91,1,758,0.366360560657322,20,0.0096665055582407,32967.26833,15.9339141275979,136.810053165781,44.6279827327221,30.0807153214113,83,112.561404504592,0,59.9183180280329,55,0,0,0.234536082474227,0.234536082474227,1.12113402061856,17.9690721649485,1.95360824742268,0.0515463917525773,84.9671864175258,FALSE
"c09f675b-ea6f-4ecb-b9c4-1306f3f6147b","C5F137","1.0.0","2026-06-04 19:20:43+00","2026-06-04 19:20:47+00",11,1,1,"enemy",0,50,0,"death",0,0,"FALSE","TRUE","TRUE","C6_zoom_recoil",1,50,50,0,0,0,0,0,0,0,0,6.13333333333333,12,437.723466666667,0,60,60,0,0,4.54545454545455,0.0909090909090909,0,0,0,0,0,TRUE
"c0b27c1d-f162-4bed-b589-a570b263d23a","C6E077","1.0.0","2026-06-05 15:25:31+00","2026-06-05 15:29:40+00",259,1,1,"enemy",0,50,0,"death",0,0,"TRUE","FALSE","TRUE","C5_shake_recoil",1,50,50,0,0,0,0,0,0,0,0,4.1,8,435.6596,0,56,56,0,0,0.193050193050193,0.00386100386100386,0,0,0,0,0,TRUE
"c26f96e0-4ce9-4a54-9f0d-d845d54f3f5e","C6Q124","1.0.0","2026-06-15 19:31:33+00","2026-06-15 19:37:09+00",347,5,30,"",435,67,5226,"win",19,1259,"FALSE","FALSE","FALSE","C0_baseline",67,67,1,235,0.126276195593767,29,0.015583019881784,32932.71854,17.6962485437937,120.12896292316,49.291589333046,32.2880171950564,80,135.595477109081,0,10.1488447071467,7,1,0,0.193083573487032,0.193083573487032,1.2536023054755,15.0605187319885,0.677233429394813,0.0835734870317003,94.9069698559078,FALSE
"c2df6f2d-07f9-4a83-8136-fc23784b3bfd","C6M259","1.0.0","2026-06-09 14:10:20+00","2026-06-09 14:14:15+00",243,5,34,"",435,81,10770,"win",1,5132,"FALSE","FALSE","FALSE","C0_baseline",81,81,1,542,0.357284113381674,34,0.022412656558998,19261.55082,12.6971330388926,120.652603823336,29.2022779207685,29.1193144363876,79,117.639239063942,0,56.4555042847726,52,0,0,0.333333333333333,0.333333333333333,1.79012345679012,44.320987654321,2.23045267489712,0.139917695473251,79.2656412345679,FALSE
"c3d2f2ab-c4ef-4536-8eb3-12b6f72ca721","C6P847","1.0.0","2026-06-11 13:31:31+00","2026-06-11 13:37:12+00",351,5,36,"",435,99,15309,"win",0,1026,"TRUE","TRUE","FALSE","C4_shake_zoom",99,99,1,430,0.195810564663024,25,0.011384335154827,26429.610325,12.035341678051,115.268670309654,25.0024279870388,31.0578324225865,84,110.387750018215,0,56.6183970856102,51,0,0.0127504553734062,0.282051282051282,0.282051282051282,1.23931623931624,43.6153846153846,1.22507122507123,0.0712250712250712,75.2980351139601,FALSE
"c404059c-5b59-4023-bfac-f91f73293f12","C6E291","1.0.0","2026-06-15 19:12:40+00","2026-06-15 19:16:36+00",246,5,24,"",435,19,1919,"win",0,192,"TRUE","FALSE","FALSE","C1_shake",20,20,1,230,0.21883920076118,10,0.00951474785918173,9556.65815,9.09291926736442,85.7278782112274,34.9954850580201,25.13986679353,48,141.880826755471,0,56.336822074215,52,0,0,0.0772357723577236,0.0813008130081301,1.76829268292683,7.80081300813008,0.934959349593496,0.040650406504065,38.8482038617886,FALSE
"c7d829b3-6e9d-42f4-919a-afa4d26ee4ae","765601","1.0.0","2026-06-04 19:32:23+00","2026-06-04 19:34:21+00",121,2,7,"enemy",44,50,57,"death",0,0,"TRUE","FALSE","FALSE","C1_shake",44,50,1.13636363636364,15,0.0208044382801664,2,0.00277392510402219,5071.84127,7.0344539112344,65.4646324549237,59.1322593397349,34.7891816920943,51,122.340631943135,0,60,58,0,0.0610263522884882,0.413223140495868,0.363636363636364,0.363636363636364,0.471074380165289,0.12396694214876,0.0165289256198347,41.916043553719,TRUE
"c898d806-a716-4325-b001-6d08c47b92e2","C6E291","1.0.0","2026-06-15 19:16:42+00","2026-06-15 19:22:30+00",353,2,10,"enemy",55,50,104,"death",0,0,"TRUE","FALSE","FALSE","C1_shake",5,50,10,78,0.193069306930693,0,0,3526.66268,8.72936306930693,81.9306930693069,38.5240751449216,27.1856435643564,37,118.83153960396,0,56.3415841584158,52,0,0,0.141643059490085,0.0141643059490085,0.155807365439093,0.294617563739377,0.220963172804533,0,9.99054583569405,TRUE
"cacce394-6c33-4073-8334-66ead8905bb1","C6J565","1.0.0","2026-06-05 15:28:49+00","2026-06-05 15:35:49+00",435,5,27,"",435,76,3176,"win",3,8811,"TRUE","FALSE","FALSE","C1_shake",76,76,1,853,0.330236159504452,87,0.0336817653890825,40929.20436,15.84560757259,137.142857142857,42.5800121014924,38.2725512969415,80,142.895056380178,0,59.520325203252,35,0.00348432055749129,0,0.174712643678161,0.174712643678161,1,7.30114942528736,1.96091954022989,0.2,94.0901249655172,FALSE
"caf16c51-3c9d-4af3-a29b-57ac07f87506","C6M464","1.0.0","2026-06-08 16:12:57+00","2026-06-08 16:20:42+00",488,5,35,"",435,95,12433,"win",1,4963,"FALSE","FALSE","FALSE","C0_baseline",96,96,1,527,0.189500179791442,12,0.00431499460625674,39903.23382,14.3485198921251,123.880798274002,30.4328462842313,32.0133045667026,86,102.618951010428,0,59.994965839626,59,0,0,0.194672131147541,0.19672131147541,0.891393442622951,25.4774590163934,1.07991803278689,0.0245901639344262,81.7689217622951,FALSE
"cb18e119-fdba-44bd-a39a-414a3a2c7da2","C6K050","1.0.0","2026-06-15 19:22:15+00","2026-06-15 19:22:37+00",27,1,1,"enemy",0,50,0,"death",0,0,"FALSE","FALSE","FALSE","C0_baseline",1,50,50,,,,,,,,,,,,,,,,,1.85185185185185,0.037037037037037,0,0,,,,TRUE
"cdbfd31a-d1d8-4d85-b7bb-66bc9e15cd42","C23644","1.0.0","2026-06-08 16:26:48+00","2026-06-08 16:29:45+00",188,1,1,"enemy",0,50,0,"death",0,0,"TRUE","TRUE","TRUE","C7_all",1,50,50,,,,,,,,,,,,,,,,,0.265957446808511,0.00531914893617021,0,0,,,,TRUE
"ceab0b07-b184-4685-b87a-c7114da64c24","C6J976","1.0.0","2026-06-09 13:24:44+00","2026-06-09 13:32:37+00",490,5,34,"",435,54,10837,"win",17,7877,"FALSE","TRUE","TRUE","C6_zoom_recoil",54,54,1,1443,0.463837994214079,143,0.0459659273545484,50870.24509,16.3517341980071,160.313404050145,63.9712227581589,44.1504339440694,87,112.688388903889,0,59.8948891031823,55,0,0,0.110204081632653,0.110204081632653,0.887755102040816,22.1163265306122,2.94489795918367,0.291836734693878,103.816826714286,FALSE
"cebb591f-f29d-4a40-a655-6e05d5f87ad2","C6N099","1.0.0","2026-06-15 19:14:43+00","2026-06-15 19:22:05+00",451,5,32,"",435,215,7509,"win",130,17840,"TRUE","TRUE","FALSE","C4_shake_zoom",216,216,1,329,0.107762856207009,106,0.0347199475925319,34630.825758,11.3432118434327,101.625450376679,67.9360534977165,35.570586308549,93,106.457947769407,0,59.6262692433672,41,0.00851621356043236,0,0.476718403547672,0.478935698447894,0.964523281596452,16.649667405765,0.729490022172949,0.235033259423503,76.7867533436807,FALSE
"cf52f8cf-aaac-444a-9853-d4fbc5494dd9","765601","1.0.0","2026-06-04 19:24:40+00","2026-06-04 19:27:42+00",200,2,6,"archer",35,50,45,"death",0,0,"TRUE","FALSE","FALSE","C1_shake",50,50,1,37,0.0498652291105121,2,0.00269541778975741,5242.16421,7.06491133423181,60.377358490566,48.944242969614,31.9353099730458,49,91.2198484299191,0,60,59,0,0.219676549865229,0.25,0.25,0.175,0.225,0.185,0.01,26.21082105,TRUE
"d08df0f6-36e9-4919-8801-dcc3a2f1e5a7","C15017","1.0.0","2026-06-05 19:25:12+00","2026-06-05 19:27:21+00",135,1,1,"enemy",0,50,0,"death",0,0,"TRUE","FALSE","TRUE","C5_shake_recoil",1,50,50,0,0,0,0,0,0,0,0,7.36842105263158,14,436.134157894737,0,61.1578947368421,59,0,0,0.37037037037037,0.00740740740740741,0,0,0,0,0,TRUE
"d22d43eb-6955-462a-9698-b927a778bb5a","C6D245","1.0.0","2026-06-05 15:24:33+00","2026-06-05 15:24:34+00",6,1,1,"enemy",0,50,0,"death",0,0,"FALSE","FALSE","TRUE","C3_recoil",1,50,50,0,0,0,0,0,0,0,0,1.8,3,397.7266,0,59,59,0,0,8.33333333333333,0.166666666666667,0,0,0,0,0,TRUE
"d4278cff-e28c-4a9e-bfb9-0f0b9f7256e8","765601","1.0.0","2026-06-04 19:37:25+00","2026-06-04 19:45:04+00",470,5,28,"king",434,147.773333333323,3596,"death",35,11157,"TRUE","FALSE","FALSE","C1_shake",148,147.773333333323,0.998468468468397,69,0.0319001386962552,6,0.00277392510402219,18961.38204,8.76624227461859,81.8585298196949,45.0887125878855,35.8992140545539,67,141.07089487656,0,60.0050855293574,57,0,0.0198797965788257,0.314411347517708,0.314893617021277,0.923404255319149,7.65106382978723,0.146808510638298,0.0127659574468085,40.3433660425532,TRUE
"d7c646c1-4ab1-4f92-87f1-1a441d2a214e","C6H036","1.0.0","2026-06-08 16:18:13+00","2026-06-08 16:22:56+00",295,5,31,"",435,39,6760,"win",0,3126,"FALSE","FALSE","TRUE","C3_recoil",39,39,1,549,0.394964028776978,16,0.0115107913669065,20073.86932,14.4416326043165,125.851618705036,51.114093245752,30.9848920863309,53,96.8186295323741,0,58.841726618705,47,0.0122302158273381,0,0.132203389830508,0.132203389830508,1.47457627118644,22.9152542372881,1.86101694915254,0.0542372881355932,68.0470146440678,FALSE
"dc71cb76-5231-40eb-9cb1-dd33e312d796","C6P270","1.0.0","2026-06-05 19:19:23+00","2026-06-05 19:27:14+00",484,5,29,"",435,32,4834,"win",6,1008,"TRUE","TRUE","TRUE","C7_all",32,32,1,716,0.2524682651622,25,0.00881523272214386,41079.96507,14.4851780923836,125.571227080395,26.5551544907601,34.7633991537377,67,129.347486657264,0,59.1593794076164,53,0,0,0.0661157024793388,0.0661157024793388,0.898760330578512,9.98760330578512,1.47933884297521,0.0516528925619835,84.8759608884298,FALSE
"dd46af74-5e44-481c-961c-44a1df094eb7","C6F221","1.0.0","2026-06-09 13:18:04+00","2026-06-09 13:27:41+00",597,5,33,"",435,93,10030,"win",16,1076,"FALSE","TRUE","TRUE","C6_zoom_recoil",93,93,1,870,0.244794597636466,25,0.00703432751828925,49918.49976,14.0457230613393,120.366136747327,32.9683027458737,33.9079909960608,80,98.9798836747327,0,59.9440067529544,58,0,0,0.155778894472362,0.155778894472362,0.728643216080402,16.8006700167504,1.4572864321608,0.0418760469011725,83.6155774874372,FALSE
"dea2b6e9-a2ee-456a-a159-a4ff9e9d71d5","C4E990","1.0.0","2026-06-04 19:16:12+00","2026-06-04 19:22:03+00",355,1,1,"enemy",1,50,0,"death",0,0,"TRUE","TRUE","FALSE","C4_shake_zoom",1,50,50,1,0.03125,0,0,109.99996,3.43749875,28.125,45.6803409399174,11.34375,20,372.27009375,0,60,60,0,0,0.140845070422535,0.0028169014084507,0.0028169014084507,0,0.0028169014084507,0,0.309859042253521,TRUE
"e31732b1-438f-479a-8775-5b6ba5b93d43","C6N196","1.0.0","2026-06-05 19:28:44+00","2026-06-05 19:32:21+00",225,4,18,"enemy",235,117.5,562,"death",0,788,"FALSE","TRUE","FALSE","C2_zoom",6,117.5,19.5833333333333,438,0.463002114164905,19,0.0200845665961945,11083.65577,11.7163380232558,113.467230443975,18.834491722874,31.8139534883721,56,113.899330549683,0,58.1627906976744,53,0,0,0.522222222222222,0.0266666666666667,1.04444444444444,2.49777777777778,1.94666666666667,0.0844444444444444,49.2606923111111,TRUE
"e509480d-9abc-448c-99a2-b370493a7de2","C6F831","1.0.0","2026-06-08 16:17:56+00","2026-06-08 16:20:31+00",165,3,19,"zombie",166,53.47,769,"death",7,102,"FALSE","FALSE","FALSE","C0_baseline",54,53.47,0.990185185185186,284,0.293085655314757,15,0.0154798761609907,7951.50121,8.20588360165119,87.203302373581,33.4225537103477,34.9958720330237,59,110.312433427245,0,56.6181630546956,39,0.00928792569659443,0.12280701754386,0.324060606060606,0.327272727272727,1.00606060606061,4.66060606060606,1.72121212121212,0.0909090909090909,48.1909164242424,TRUE
"e52a645d-d3b4-4cc1-bf7b-b03308db922c","C6J409","1.0.0","2026-06-09 13:25:56+00","2026-06-09 13:28:51+00",187,1,1,"enemy",0,50,0,"death",0,0,"FALSE","FALSE","TRUE","C3_recoil",1,50,50,0,0,0,0,0,0,0,0,6.41176470588235,12,440.246058823529,0,58.8823529411765,57,0,0,0.267379679144385,0.0053475935828877,0,0,0,0,0,TRUE
"e5f697dc-6c6a-44a9-b2d4-33a751744ed0","C6N171","1.0.0","2026-06-08 16:11:52+00","2026-06-08 16:18:14+00",391,5,30,"",435,71,5600,"win",5,3519,"TRUE","FALSE","FALSE","C1_shake",71,71,1,599,0.253921153030945,22,0.00932598558711318,31062.68121,13.1677326027978,116.903348876643,20.4420399901376,34.4052564646036,73,97.3275951123357,0,45.5468418821535,40,0.791860958033065,0,0.181585677749361,0.181585677749361,1.11253196930946,14.3222506393862,1.53196930946292,0.0562659846547315,79.4441974680307,FALSE
"e772dbc8-d74c-4d97-9993-ee6e996bbf89","C5F936","1.0.0","2026-06-04 19:13:41+00","2026-06-04 19:18:57+00",335,5,36,"",435,58,15918,"win",7,3946,"FALSE","FALSE","FALSE","C0_baseline",59,59,1,659,0.363686534216336,29,0.0160044150110375,32950.43706,18.1845679139073,156.724613686534,52.4959141331871,26.9310154525386,64,133.006633162252,0,60.0149006622517,58,0,0,0.173134328358209,0.176119402985075,1.29850746268657,47.5164179104478,1.96716417910448,0.0865671641791045,98.3595136119403,FALSE
"e7a3224f-83fb-4c12-8455-7055cd163174","C6E428","1.0.0","2026-06-08 16:34:17+00","2026-06-08 16:41:23+00",435,5,38,"",435,211,24116,"win",7,9058,"TRUE","TRUE","FALSE","C4_shake_zoom",211,211,1,794,0.323817292006525,22,0.00897226753670473,29453.4781,12.0120220636215,106.113376835237,49.5096744756306,29.5668841761827,75,101.216114941272,0,45.3633768352365,40,0.778548123980424,0.00570962479608483,0.485057471264368,0.485057471264368,1,55.4390804597701,1.82528735632184,0.0505747126436782,67.7091450574713,FALSE
"e8892054-5eeb-4a73-888c-042ff814e38b","C6E248","1.0.0","2026-06-05 15:25:00+00","2026-06-05 15:30:41+00",352,5,27,"",435,29,3106,"win",1,3214,"TRUE","TRUE","FALSE","C4_shake_zoom",30,30,1,510,0.285874439461883,16,0.00896860986547085,33664.288599,18.8701169276906,165.332118834081,39.7664335112774,31.2606502242152,64,132.324295880045,0,59.3963004484305,38,0.007847533632287,0,0.0823863636363636,0.0852272727272727,1.23579545454545,8.82386363636364,1.44886363636364,0.0454545454545455,95.6371835198864,FALSE
"e8e70be3-66e8-4abd-8157-b58ad3ccc5e4","C6F410","1.0.0","2026-06-15 19:21:35+00","2026-06-15 19:28:58+00",456,5,32,"",435,28,8146,"win",2,1804,"FALSE","TRUE","TRUE","C6_zoom_recoil",31,31,1,305,0.358401880141011,9,0.0105757931844888,8280.00169,9.72973171562867,83.5487661574618,37.0957858111461,27.0846063454759,52,111.290878166863,0,59.090481786134,55,0,0,0.0614035087719298,0.0679824561403509,0.953947368421053,17.8640350877193,0.668859649122807,0.0197368421052632,18.1578984429825,FALSE
"e9ae714c-6ca4-414d-87d9-e968c35ebfe2","C6K596","1.0.0","2026-06-15 19:29:18+00","2026-06-15 19:38:19+00",552,5,33,"",435,142,8580,"win",18,7318,"FALSE","FALSE","TRUE","C3_recoil",142,142,1,817,0.230790960451977,8,0.00225988700564972,60005.65989,16.9507513813559,153.54802259887,37.1295846613313,50.1847457627119,102,105.949341966102,0,53.893220338983,36,0.0494350282485876,0,0.257246376811594,0.257246376811594,0.78804347826087,15.5434782608696,1.48007246376812,0.0144927536231884,108.705905597826,FALSE
"eb6ae233-5b63-4bfa-b563-5d9dab5e9da8","C6D717","1.0.0","2026-06-08 16:22:23+00","2026-06-08 16:32:10+00",599,5,33,"enemy",434,306.723149961874,9583,"death",27,15431,"FALSE","TRUE","TRUE","C6_zoom_recoil",210,306.723149961874,1.46058642838988,939,0.258677685950413,23,0.00633608815426997,60188.44025,16.5808375344353,145.932506887052,48.6498431375381,38.462258953168,95,85.8997734573003,0,58.2060606060606,43,0.00247933884297521,0,0.512058681071576,0.350584307178631,0.724540901502504,15.9983305509182,1.56761268781302,0.0383973288814691,100.481536310518,TRUE
"eca21d22-361e-4144-ac20-b2387c331e66","C6P270","1.0.0","2026-06-05 20:28:50+00","2026-06-05 20:33:28+00",115,5,31,"",435,79,6328,"win",11,5405,"TRUE","TRUE","TRUE","C7_all",83,83,1,471,0.302310654685494,20,0.0128369704749679,23814.97973,15.2856095827985,132.676508344031,29.5235007597895,28.4499358151476,64,98.8089975051348,0,58.4441591784339,53,0,0,0.68695652173913,0.721739130434783,3.78260869565217,55.0260869565217,4.09565217391304,0.173913043478261,207.08678026087,FALSE
"eec8103b-bda3-4b52-8ef4-9a1612e30394","C6K793","1.0.0","2026-06-04 19:23:17+00","2026-06-04 19:27:57+00",298,5,27,"",435,26,3393,"win",0,1379,"TRUE","TRUE","FALSE","C4_shake_zoom",26,26,1,456,0.425373134328358,10,0.00932835820895522,11619.99019,10.8395430876866,92.6305970149254,26.1394257107403,28.2574626865672,65,105.211007126866,0,60.0018656716418,58,0,0,0.087248322147651,0.087248322147651,1.45973154362416,11.3859060402685,1.53020134228188,0.0335570469798658,38.9932556711409,FALSE
"f09784ea-cb6a-4d4f-8b68-c36060821e1a","C6D245","1.0.0","2026-06-05 15:15:05+00","2026-06-05 15:24:27+00",593,5,36,"king",434,231.64996900002,17273,"death",40,16318,"FALSE","FALSE","TRUE","C3_recoil",232,231.64996900002,0.99849124568974,724,0.185736275012827,44,0.0112878399179066,38066.76932,9.76571814263725,96.3160595177014,46.3164540082676,31.124166239097,86,98.2142232496152,0,59.8917393535146,57,0,0.126731657260133,0.390640757166981,0.391231028667791,0.731871838111299,29.1281618887015,1.22091062394604,0.0741989881956155,64.1935401686341,TRUE
"f106d89b-85f7-40bb-9334-c29f021612d0","C6M671","1.0.0","2026-06-15 19:27:44+00","2026-06-15 19:32:14+00",291,5,33,"",435,67,8597,"win",3,4663,"FALSE","TRUE","FALSE","C2_zoom",70,70,1,511,0.324444444444444,38,0.0241269841269841,16040.50267,10.1844461396825,91.2253968253968,50.7525012317136,28.3606349206349,67,102.032659390476,0,52.6831746031746,47,0.133968253968254,0,0.230240549828179,0.240549828178694,1.49484536082474,29.5429553264605,1.75601374570447,0.130584192439863,55.1220023024055,FALSE
"f598cc70-cae8-420e-be86-d7c0aaab814f","C6J755","1.0.0","2026-06-09 13:19:38+00","2026-06-09 13:29:27+00",599,5,32,"enemy",434,114.699289194445,7098,"death",0,4527,"TRUE","TRUE","TRUE","C7_all",67,114.699289194445,1.71192968946932,759,0.227927927927928,17,0.0051051051051051,45713.05061,13.7276428258258,132.90990990991,26.9379702725915,32.8282282282282,63,152.340063711712,0,58.8081081081081,52,0,0,0.191484623029124,0.111853088480801,0.724540901502504,11.8497495826377,1.26711185308848,0.0283806343906511,76.3156103672788,TRUE
"f5a67edd-38e5-474f-b534-8a441e3b4aa9","C6D595","1.0.0","2026-06-15 19:18:00+00","2026-06-15 19:31:05+00",600,5,34,"",435,367,10457,"win",24,26831,"FALSE","FALSE","FALSE","C0_baseline",367,367,1,1697,0.301153504880213,67,0.0118899733806566,82213.536,14.5898023070098,125.937888198758,43.5279040106388,56.2910381543922,137,91.8720631002662,0,59.7795918367347,54,0,0.256078083407276,0.611666666666667,0.611666666666667,0.725,17.4283333333333,2.82833333333333,0.111666666666667,137.02256,FALSE
"f71018c8-d3bc-48d5-a035-7382d9ac5e63","C6E049","1.0.0","2026-06-09 13:32:32+00","2026-06-09 13:40:42+00",509,5,31,"",435,50,6946,"win",1,4435,"TRUE","FALSE","FALSE","C1_shake",52,52,1,854,0.386425339366516,66,0.0298642533936652,32179.765672,14.5609799420814,125.886877828054,44.0878157769303,30.2995475113122,79,124.951610230769,0,59.40407239819,51,0,0,0.0982318271119843,0.102161100196464,0.854616895874263,13.6463654223969,1.67779960707269,0.129666011787819,63.2215435599214,FALSE
"fa29c145-da90-4e54-ab17-34b98261236e","C27171","1.0.0","2026-06-04 19:19:42+00","2026-06-04 19:23:35+00",242,5,29,"",435,12,4372,"win",1,1132,"TRUE","TRUE","TRUE","C7_all",12,12,1,365,0.293172690763052,7,0.00562248995983936,15403.2217,12.37206562249,106.056224899598,34.4121051041429,29.2064257028112,67,113.627767172691,0,60.0016064257028,57,0,0,0.0495867768595041,0.0495867768595041,1.79752066115702,18.0661157024793,1.50826446280992,0.0289256198347107,63.649676446281,FALSE
"fb7c8cf5-1b21-4341-97b6-8afa63bbea89","C6F377","1.0.0","2026-06-08 16:16:22+00","2026-06-08 16:21:16+00",308,5,29,"",435,34,4274,"win",5,2284,"TRUE","TRUE","FALSE","C4_shake_zoom",34,34,1,404,0.264224983649444,12,0.0078482668410726,17958.33881,11.7451529169392,103.760627861347,37.7034306717875,23.9836494440811,76,164.346662171354,0,48.5493786788751,40,0.590582079790713,0,0.11038961038961,0.11038961038961,1.41233766233766,13.8766233766234,1.31168831168831,0.038961038961039,58.3062948376623,FALSE
"fd1e77bb-7d0a-4c7f-8dbc-66e1a1900f98","C6M259","1.0.0","2026-06-09 14:07:46+00","2026-06-09 14:10:12+00",153,5,26,"",435,8,2465,"win",0,0,"FALSE","FALSE","FALSE","C0_baseline",8,8,1,314,0.326064382139149,8,0.0083073727933541,8348.30696,8.66906226375909,82.3468328141225,38.1469987190117,24.4153686396677,44,136.644361889927,0,56.2066458982347,41,0.0083073727933541,0,0.0522875816993464,0.0522875816993464,2.84313725490196,16.1111111111111,2.05228758169935,0.0522875816993464,54.5640977777778,FALSE
"fd75850e-6df8-4c86-8241-884da7ee6142","C6E014","1.0.0","2026-06-08 16:07:13+00","2026-06-08 16:15:30+00",504,5,37,"",435,301,20069,"win",76,12983,"FALSE","TRUE","FALSE","C2_zoom",302,302,1,774,0.253106605624591,87,0.0284499672988882,26349.74443,8.61665939502943,77.4076193590582,74.4466464367278,32.9071288423806,104,99.7305300719424,0,49.4767822105952,40,0.580771746239372,0,0.597222222222222,0.599206349206349,0.863095238095238,39.8194444444444,1.53571428571429,0.172619047619048,52.2812389484127,FALSE
"fd8976ed-c72b-47f5-8112-90818cd423af","C6F377","1.0.0","2026-06-08 16:21:33+00","2026-06-08 16:26:08+00",291,1,2,"enemy",5,50,5,"death",0,0,"TRUE","TRUE","FALSE","C4_shake_zoom",7,50,7.14285714285714,3,0.0252100840336134,0,0,225.0003,1.89075882352941,17.6470588235294,38.2831972336261,26,35,174.920966302521,0,57.6218487394958,45,0.100840336134454,0,0.171821305841924,0.0240549828178694,0.0171821305841924,0.0171821305841924,0.0103092783505155,0,0.773196907216495,TRUE
"ff88ce7e-63bb-4894-ba60-e505d88d3aa7","C27336","1.0.0","2026-06-08 16:30:01+00","2026-06-08 16:30:05+00",7,1,1,"enemy",0,50,0,"death",0,0,"TRUE","FALSE","TRUE","C5_shake_recoil",1,50,50,1,0.0476190476190476,0,0,50,2.38095238095238,19.047619047619,40.2373908081478,8.33333333333333,15,425.215095238095,0,55.7619047619048,49,0.238095238095238,0,7.14285714285714,0.142857142857143,0,0,0.142857142857143,0,7.14285714285714,TRUE
