"player_id","run_id","supabase_row_number","cond","shake","zoom","recoil","n_effects","imm_total","imm_atraccion","imm_foco","imm_presencia","end_reason","ingame_survival_s","total_kills","kill_rate","kills_per_min","input_total","input_rate","inputs_per_min","dmg_per_min_2m","hits_per_min_2m","damage_amount_per_min_2m","dmg_per_min","hits_per_min","enemies_mean","fps_mean","bg_frequency","bg_hours_7d","bg_experience","imm_q1","imm_q2","imm_q3","imm_q4","imm_q5","imm_q6","imm_q7","imm_q8","imm_q9","imm_q10","imm_q11","imm_q12","imm_q13","imm_q14","imm_q15","imm_q16","imm_q17","imm_q18","imm_q19","imm_q20","imm_q21","imm_q22","imm_q23","imm_q24","shake_num","zoom_num","recoil_num","duration_min","hits_total_est","damage_amount_total_est","treatment","Shake","Zoom","Recoil","person_row_index"
"765601","cf52f8cf-aaac-444a-9853-d4fbc5494dd9",148,100,1,0,0,1,2.167,1,3.25,2.25,"death",86,35,0.175,24.419,37,0.185,25.814,34.884,34.884,34.884,34.884,34.884,31.935309973,60,"Rara vez","Menos de 2 horas","Principiante",1,1,1,1,1,1,1,1,5,5,1,1,5,1,5,3,1,1,1,3,1,5,3,3,1,0,0,1.43333333333333,50,50.0004,"Shake","Presente","Ausente","Ausente",1
"C15017","1a01298c-1951-4c77-a8ee-89a3dddad435",21,101,1,0,1,2,3.208,3.625,3.125,2.875,"win",345,435,0.9375,75.652,1136,2.448276,197.565,11.5,11.5,11.5,32.348,32.87,31.5310715485,59.9291232785,"Rara vez","Menos de 2 horas","Avanzado",3,5,4,4,3,3,3,4,4,4,3,4,2,4,2,2,3,2,2,4,4,4,2,2,1,0,1,5.75,189,186.001,"Shake + Recoil","Presente","Ausente","Presente",1
"C22732","3e3efb61-24e5-429d-852c-19f4e9fc411c",46,111,1,1,1,3,3.917,3.375,4.5,3.875,"win",305,435,1.13577,85.574,886,2.313316,174.295,11.5,11.5,11.5,20.656,20.656,32.4209370425,49.1288433382,"Diario","6–10 horas","Avanzado",5,5,3,2,3,1,5,3,5,5,5,5,3,5,5,3,2,5,5,3,2,5,5,4,1,1,1,5.08333333333333,105,105.001333333333,"Shake + Zoom + Recoil","Presente","Presente","Presente",1
"C23644","79e087ca-270b-4087-b0d4-9d9464369fbd",89,111,1,1,1,3,3.583,5,2.375,3.375,"win",198,435,1.060976,131.818,642,1.565854,194.545,1,1,1,2.121,2.121,34.112084063,59.4635143024,"Rara vez","Menos de 2 horas","Avanzado",5,5,5,5,5,5,5,5,3,1,1,4,1,5,3,1,3,4,5,1,1,5,5,3,1,1,1,3.3,7,6.9993,"Shake + Zoom + Recoil","Presente","Presente","Presente",1
"C27171","fa29c145-da90-4e54-ab17-34b98261236e",173,111,1,1,1,3,3.333,4.375,3.5,2.125,"win",145,435,1.797521,180,365,1.508264,151.034,3.5,3.5,3.5,4.966,4.966,29.2064257028,60.0016064257,"Varias veces por semana","6–10 horas","Avanzado",5,5,3,4,5,3,5,5,2,2,4,4,3,5,5,3,1,2,2,4,1,1,3,3,1,1,1,2.41666666666667,12,12.0011666666667,"Shake + Zoom + Recoil","Presente","Presente","Presente",1
"C27336","32d9bf5b-89d1-4916-895e-c95307c39b07",35,101,1,0,1,2,3.75,3,3.75,4.5,"death",176,434,1.637736,147.955,227,0.856604,77.386,27.5,27.5,27.5,47.272,47.386,28.582003829,49.1678366305,"Varias veces por mes","2–5 horas","Básico",1,5,2,1,1,5,5,4,5,2,4,5,4,2,3,5,5,5,1,5,5,5,5,5,1,0,1,2.93333333333333,139,138.664533333333,"Shake + Recoil","Presente","Ausente","Presente",1
"C32715","6683724d-4b30-470e-b677-f0abfa3ca6d2",71,1,0,0,1,1,4.917,4.75,5,5,"death",287,434,0.724541,90.732,257,0.429048,53.728,8.5,8.5,8.5,19.463,10.453,38.4005636071,59.3578904992,"Varias veces por mes","Menos de 2 horas","Básico",5,4,5,5,4,5,5,5,5,5,5,5,5,5,5,5,5,5,5,5,5,5,5,5,0,0,1,4.78333333333333,50,93.0980166666667,"Recoil","Ausente","Ausente","Presente",1
"C4F035","8c8dc550-93e5-4ed0-b7de-35848833931a",101,111,1,1,1,3,3.583,4.625,2.5,3.625,"win",193,435,1.314199,135.233,630,1.903323,195.855,9,9,9,13.99,13.99,30.564803805,59.9791914388,"Varias veces por semana","2–5 horas","Avanzado",5,5,4,4,4,5,5,5,2,4,2,2,2,4,2,2,4,4,3,5,2,3,4,4,1,1,1,3.21666666666667,45,45.0011666666667,"Shake + Zoom + Recoil","Presente","Presente","Presente",1
"C4F673","1032cea7-f187-49e0-9ef5-dab0008fd52b",15,10,0,1,0,1,2.375,3.625,2.5,1,"death",509,434,0.724541,51.159,593,0.989983,69.902,4,4,4,23.637,20.511,42.2937031143,59.6376449193,"Rara vez","Menos de 2 horas","Intermedio",5,2,3,5,5,3,5,1,5,3,1,5,1,3,1,1,1,1,1,1,1,1,1,1,0,1,0,8.48333333333333,174,200.52055,"Zoom","Ausente","Presente","Ausente",1
"C4J956","23ab4078-96b4-4d96-83ad-65a4abe8e1b9",29,101,1,0,1,2,3.583,4.25,3.375,3.125,"win",271,435,0.995423,96.31,664,1.519451,147.011,3,3,3,10.185,10.406,43.0650865312,59.6316779533,"Rara vez","Menos de 2 horas","Avanzado",5,5,4,5,5,5,4,1,4,4,3,2,2,4,4,4,2,3,5,2,2,3,4,4,1,0,1,4.51666666666667,47,46.00225,"Shake + Recoil","Presente","Ausente","Presente",1
"C5C743","0973cd03-3e0c-44b3-8c9b-d623f490bb68",8,100,1,0,0,1,5,5,5,5,"win",221,435,1.268222,118.1,439,1.279883,119.186,3.5,3.5,3.5,7.33,7.33,30.7722251447,59.9968437664,"Una vez por semana","6–10 horas","Principiante",5,5,5,5,5,5,5,5,5,5,5,5,5,5,5,5,5,5,5,5,5,5,5,5,1,0,0,3.68333333333333,27,26.9988333333333,"Shake","Presente","Ausente","Ausente",1
"C5D447","6f7225e5-b6d0-4c5c-aa6a-bbe232c5997d",80,11,0,1,1,2,4,4.5,4.625,2.875,"death",397,434,0.724541,65.592,1334,2.227045,201.612,27,27,27,65.864,56.071,42.7148688047,59.4536443149,"Diario","2–5 horas","Avanzado",5,5,4,4,4,5,5,4,5,5,5,3,4,5,5,5,3,3,3,3,1,3,4,3,0,1,1,6.61666666666667,371,435.800133333333,"Zoom + Recoil","Ausente","Presente","Presente",1
"C5D722","8049f7ab-ed9a-40c6-ac11-bb00a01272eb",94,1,0,0,1,1,3.5,5,3.5,2,"death",426,434,0.724541,61.127,1041,1.737896,146.62,28.5,28.5,28.5,42.143,37.746,37.345837897,59.9975355969,"Diario","11–20 horas","Experto",5,5,5,5,5,5,5,5,5,5,3,1,1,5,5,3,3,2,2,1,1,4,1,2,0,0,1,7.1,268,299.2153,"Recoil","Ausente","Ausente","Presente",1
"C5F137","23740e2a-e875-442f-a84f-aba564335f30",28,11,0,1,1,2,2.375,1.25,3.25,2.625,"win",404,435,0.739796,64.604,587,0.998299,87.178,4,4,4,20.792,20.941,37.3457324106,60.0072087659,"Una vez por semana","Menos de 2 horas","Intermedio",1,2,1,2,1,1,1,1,4,4,5,1,5,2,1,4,4,2,1,3,1,4,3,3,0,1,1,6.73333333333333,141,139.999466666667,"Zoom + Recoil","Ausente","Presente","Presente",1
"C5F936","e772dbc8-d74c-4d97-9993-ee6e996bbf89",160,0,0,0,0,0,2.625,4.125,1.875,1.875,"win",211,435,1.298507,123.697,659,1.967164,187.393,3,3,3,16.493,16.777,26.9310154525,60.0149006623,"Varias veces por semana","6–10 horas","Intermedio",5,5,3,5,3,5,5,2,5,2,1,3,1,1,1,1,1,1,1,3,1,4,3,1,0,0,0,3.51666666666667,59,58.0003833333333,"Control","Ausente","Ausente","Ausente",1
"C5G661","0acd8809-8a3f-44e8-8ec9-03fb2ebfa02b",9,10,0,1,0,1,3,4,2.625,2.375,"win",243,435,1.035714,107.407,386,0.919048,95.309,2.5,2.5,2.5,11.605,12.099,32.8308576905,59.936272161,"Varias veces por semana","6–10 horas","Avanzado",4,4,3,5,4,4,4,4,3,4,2,2,2,3,3,2,2,3,3,2,2,3,2,2,0,1,0,4.05,49,47.00025,"Zoom","Ausente","Presente","Ausente",1
"C5J364","9face13f-c901-4cc0-9f9a-dd9efc6d4887",114,0,0,0,0,0,2.625,3.375,3.125,1.375,"death",433,434,0.724541,60.139,235,0.392321,32.564,19,19,19,40.323,37.968,53.515730035,60.0016133369,"Varias veces por mes","Menos de 2 horas","Intermedio",3,3,4,5,4,3,3,2,5,5,4,2,2,3,2,2,1,1,2,2,1,2,1,1,0,0,0,7.21666666666667,274,290.99765,"Control","Ausente","Ausente","Ausente",1
"C5J686","689bcacd-5e06-4be3-be11-3e60dc829331",73,11,0,1,1,2,3.042,3.5,3,2.625,"win",348,435,0.895062,75,1230,2.530864,212.069,1.5,1.5,1.5,6.897,6.897,40.8106351551,58.4531757755,"Varias veces por semana","6–10 horas","Intermedio",4,3,1,4,5,5,5,1,3,5,1,3,1,5,5,1,1,1,3,4,1,5,4,2,0,1,1,5.8,40,40.0026,"Zoom + Recoil","Ausente","Presente","Presente",1
"C6C128","5f346316-7b98-4fed-9d5e-0aace5ac2f77",66,111,1,1,1,3,4.792,4.375,5,5,"death",481,434,0.724541,54.137,3442,5.746244,429.356,6.5,6.5,6.5,35.162,23.202,28.3239266763,59.6367583213,"Una vez por semana","Menos de 2 horas","Avanzado",2,5,3,5,5,5,5,5,5,5,5,5,5,5,5,5,5,5,5,5,5,5,5,5,1,1,1,8.01666666666667,186,281.882033333333,"Shake + Zoom + Recoil","Presente","Presente","Presente",1
"C6C267","7c364856-4292-498d-ab1a-e6d80a700e44",91,101,1,0,1,2,3.208,3.25,3.875,2.5,"win",361,435,0.74359,72.299,240,0.410256,39.889,6,6,6,18.781,19.114,41.7381987578,47.1661490683,"Varias veces por semana","Menos de 2 horas","Intermedio",3,4,3,3,3,5,3,2,5,4,3,2,4,5,5,3,2,3,3,4,1,4,2,1,1,0,1,6.01666666666667,115,112.999016666667,"Shake + Recoil","Presente","Ausente","Presente",1
"C6C335","4c3ee856-dc8a-44b9-af4c-599ed8f7cff0",55,101,1,0,1,2,3.25,4.875,2.875,2,"win",375,435,0.729866,69.6,833,1.397651,133.28,7,7,7,16.32,16.48,37.6259703599,7.11291460833,"Varias veces por semana","2–5 horas","Intermedio",4,5,5,5,5,5,5,5,5,5,5,1,1,1,4,1,1,1,1,4,2,5,1,1,1,0,1,6.25,103,102,"Shake + Recoil","Presente","Ausente","Presente",1
"C6C662","67c16107-bd12-4c96-ac7e-51da750aa2c3",72,10,0,1,0,1,2.75,2.5,3,2.75,"win",324,435,0.984163,80.556,1040,2.352941,192.593,14,14,14,20.185,20.185,33.4029278494,46.3879400488,"Varias veces por semana","11–20 horas","Avanzado",3,2,1,3,4,4,1,2,5,1,1,1,3,5,5,3,4,2,4,3,1,2,4,2,0,1,0,5.4,109,108.999,"Zoom","Ausente","Presente","Ausente",1
"C6C683","32f853da-62d8-4f61-8ed7-32f77c52f2c5",36,111,1,1,1,3,3.667,4,4.375,2.625,"win",169,435,1.10687,154.438,343,0.872774,121.775,10.5,10.5,10.5,11.716,11.716,27.7174948945,59.9244383935,"Una vez por semana","6–10 horas","Intermedio",5,5,3,5,5,4,3,2,4,5,5,3,3,5,5,5,5,2,4,2,1,2,3,2,1,1,1,2.81666666666667,33,33.0000666666667,"Shake + Zoom + Recoil","Presente","Presente","Presente",1
"C6C740","54448c6e-91f8-473c-9073-92b6e431d4a0",62,111,1,1,1,3,2.708,3.875,1.875,2.375,"win",146,435,1.440397,178.767,266,0.880795,109.315,7,7,7,7.808,8.219,30.8047619048,60.0063492063,"Diario","2–5 horas","Avanzado",4,4,3,5,5,5,3,2,2,1,1,1,1,5,3,1,3,1,3,3,1,3,4,1,1,1,1,2.43333333333333,20,18.9994666666667,"Shake + Zoom + Recoil","Presente","Presente","Presente",1
"C6C990","15eff53c-31f4-4c88-af46-459ac4ed3c63",18,0,0,0,0,0,3.542,4.375,3,3.25,"win",232,435,1.112532,112.5,579,1.480818,149.741,9.5,9.5,9.5,14.741,15,41.5345,59.4425,"Diario","6–10 horas","Intermedio",5,5,4,4,4,5,5,3,4,5,2,4,1,4,2,2,4,2,2,4,2,5,4,3,0,0,0,3.86666666666667,58,56.9985333333333,"Control","Ausente","Ausente","Ausente",1
"C6D171","0c266f69-0927-4d71-b084-d2a9b2ea6880",11,10,0,1,0,1,3.542,4.5,2.125,4,"win",244,435,1.053269,106.967,525,1.271186,129.098,39.5,39.5,39.5,46.721,47.213,29.5989776952,53.7105018587,"Varias veces por semana","2–5 horas","Experto",5,5,5,5,5,5,5,1,3,1,1,1,3,4,3,1,5,4,2,4,4,5,4,4,0,1,0,4.06666666666667,192,189.998733333333,"Zoom","Ausente","Presente","Ausente",1
"C6D245","f09784ea-cb6a-4d4f-8b68-c36060821e1a",168,1,0,0,1,1,2.792,3.75,2.375,2.25,"death",398,434,0.731872,65.427,724,1.220911,109.146,17,17,17,34.922,34.975,31.1241662391,59.8917393535,"Diario","6–10 horas","Experto",4,4,4,4,4,3,4,3,3,2,2,2,2,3,2,3,3,2,2,3,2,2,2,2,0,0,1,6.63333333333333,232,231.649266666667,"Recoil","Ausente","Ausente","Presente",1
"C6D270","1dce3196-e3f5-479c-9b38-f50703b0e15d",23,101,1,0,1,2,3.75,5,3.375,2.875,"win",143,435,1.986301,182.517,491,2.242009,206.014,3.5,3.5,3.5,6.713,7.133,27.8588709677,59.3943548387,"Varias veces por semana","2–5 horas","Avanzado",5,5,5,5,5,5,5,5,2,5,3,4,1,4,5,3,2,3,2,3,2,4,5,2,1,0,1,2.38333333333333,17,15.9993166666667,"Shake + Recoil","Presente","Ausente","Presente",1
"C6D516","06c446fe-5a73-4930-97bd-9c7179f97dad",5,111,1,1,1,3,2.5,3.625,2.125,1.75,"win",203,435,1.121134,128.571,379,0.976804,112.02,8.5,8.5,8.5,14.483,14.483,32.1677124929,59.5664575014,"Varias veces por semana","11–20 horas","Intermedio",5,4,2,4,4,3,4,3,1,4,2,2,1,1,3,3,2,2,1,3,1,2,1,2,1,1,1,3.38333333333333,49,49.0008166666667,"Shake + Zoom + Recoil","Presente","Presente","Presente",1
"C6D595","f5a67edd-38e5-474f-b534-8a441e3b4aa9",171,0,0,0,0,0,3.75,4.625,3.5,3.125,"win",656,435,0.725,39.787,1697,2.828333,155.213,9,9,9,33.567,33.567,56.2910381544,59.7795918367,"Varias veces por semana","Menos de 2 horas","Intermedio",3,5,4,5,5,5,5,5,5,5,5,5,1,1,3,3,5,4,4,3,1,2,3,3,0,0,0,10.9333333333333,367,366.9992,"Control","Ausente","Ausente","Ausente",1
"C6D710","3f71376e-8540-44d6-8916-5cd239cd8db6",47,110,1,1,0,2,3.167,2.625,4.375,2.5,"win",216,435,1.310241,120.833,443,1.334337,123.056,6.5,6.5,6.5,9.444,9.444,33.1659551761,59.4114194237,"Varias veces por semana","6–10 horas","Intermedio",1,5,2,2,1,4,2,4,4,3,5,3,5,5,5,5,5,3,3,1,1,3,3,1,1,1,0,3.6,34,33.9984,"Shake + Zoom","Presente","Presente","Ausente",1
"C6D717","eb6ae233-5b63-4bfa-b563-5d9dab5e9da8",165,11,0,1,1,2,3,3.875,2.625,2.5,"death",413,434,0.724541,63.051,939,1.567613,136.416,8,8,8,44.56,30.508,38.4622589532,58.2060606061,"Varias veces por semana","2–5 horas","Intermedio",4,5,3,4,5,4,3,3,2,3,2,1,2,5,2,4,4,2,3,1,1,5,2,2,0,1,1,6.88333333333333,210,306.721333333333,"Zoom + Recoil","Ausente","Presente","Presente",1
"C6D796","36f78638-69ff-473d-91cc-cd779e015bf1",39,1,0,0,1,1,2.917,3.625,2.375,2.75,"win",147,435,1.290801,177.551,429,1.272997,175.102,2.5,2.5,2.5,6.531,6.531,29.9597474349,60.0039463299,"Una vez por semana","Menos de 2 horas","Avanzado",4,5,1,2,5,4,5,3,1,3,2,3,1,4,2,3,3,2,3,3,1,4,3,3,0,0,1,2.45,16,16.00095,"Recoil","Ausente","Ausente","Presente",1
"C6D912","0af94b2a-fe69-479c-b598-81d3a6b77610",10,10,0,1,0,1,3.583,4.5,3,3.25,"win",261,435,1.132812,100,432,1.125,99.31,3.5,3.5,3.5,9.195,9.655,37.3617571059,46.5452196382,"Varias veces por semana","2–5 horas","Intermedio",4,5,4,5,4,5,5,4,4,4,2,2,3,4,2,3,4,3,2,3,2,4,4,4,0,1,0,4.35,42,39.99825,"Zoom","Ausente","Presente","Ausente",1
"C6E014","fd75850e-6df8-4c86-8241-884da7ee6142",176,10,0,1,0,1,3.042,4.75,2.75,1.625,"win",344,435,0.863095,75.872,774,1.535714,135,17,17,17,52.5,52.674,32.9071288424,49.4767822106,"Una vez por semana","Menos de 2 horas","Avanzado",5,5,3,5,5,5,5,5,2,1,1,5,1,5,4,3,3,2,2,2,1,1,1,1,0,1,0,5.73333333333333,302,301,"Zoom","Ausente","Presente","Ausente",1
"C6E049","f71018c8-d3bc-48d5-a035-7382d9ac5e63",172,100,1,0,0,1,3.458,3.5,3.375,3.5,"win",256,435,0.854617,101.953,854,1.6778,200.156,6,6,6,11.719,12.188,30.2995475113,59.4040723982,"Varias veces por semana","2–5 horas","Básico",3,4,3,4,4,4,4,2,4,5,4,3,2,3,3,3,3,4,4,3,2,4,4,4,1,0,0,4.26666666666667,52,50.0010666666667,"Shake","Presente","Ausente","Ausente",1
"C6E077","9e43f054-b7f0-4a0e-ab92-f14b62b69f0f",113,101,1,0,1,2,3.292,3.75,2.75,3.375,"win",232,435,1.279412,112.5,409,1.202941,105.776,7,7,7,22.241,22.5,30.73241515,58.6448598131,"Diario","2–5 horas","Avanzado",4,4,3,4,4,4,4,3,1,4,2,3,2,5,3,2,3,4,2,4,3,4,4,3,1,0,1,3.86666666666667,87,85.9985333333333,"Shake + Recoil","Presente","Ausente","Presente",1
"C6E248","e8892054-5eeb-4a73-888c-042ff814e38b",162,110,1,1,0,2,3.792,3.75,4.125,3.5,"win",207,435,1.235795,126.087,510,1.448864,147.826,8,8,8,8.406,8.696,31.2606502242,59.3963004484,"Varias veces por mes","Menos de 2 horas","Intermedio",3,4,3,4,3,4,5,4,4,5,4,3,4,5,4,4,4,4,4,3,2,3,4,4,1,1,0,3.45,30,29.0007,"Shake + Zoom","Presente","Presente","Ausente",1
"C6E291","c404059c-5b59-4023-bfac-f91f73293f12",139,100,1,0,0,1,3.083,5,1.875,2.375,"win",110,435,1.768293,237.273,230,0.934959,125.455,10.909,10.909,10.364,10.364,10.909,25.1398667935,56.3368220742,"Diario","2–5 horas","Avanzado",5,5,5,5,5,5,5,5,2,1,1,1,1,5,3,1,3,3,3,1,1,3,3,2,1,0,0,1.83333333333333,20,19.0006666666667,"Shake","Presente","Ausente","Ausente",1
"C6E333","92d8e45d-01ab-4c73-a57a-7ca89a92dea1",105,100,1,0,0,1,3.75,4.25,3.125,3.875,"win",160,435,1.002304,163.125,518,1.193548,194.25,3,3,3,7.125,7.5,28.248125426,49.2672119973,"Diario","Más de 20 horas","Avanzado",4,4,3,5,5,4,4,5,4,3,3,2,2,4,4,3,5,4,4,4,3,4,3,4,1,0,0,2.66666666666667,20,19,"Shake","Presente","Ausente","Ausente",1
"C6E428","e7a3224f-83fb-4c12-8455-7055cd163174",161,110,1,1,0,2,3.083,4.375,3,1.875,"win",276,435,1,94.565,794,1.825287,172.609,8,8,8,45.87,45.87,29.5668841762,45.3633768352,"Varias veces por semana","2–5 horas","Intermedio",5,5,3,5,5,5,5,2,5,5,2,1,2,3,3,3,4,2,2,2,1,1,2,1,1,1,0,4.6,211,211.002,"Shake + Zoom","Presente","Presente","Ausente",1
"C6E448","4eefb700-f3e5-46fc-b13e-88efb939c15b",56,1,0,0,1,1,3.208,4.25,3.125,2.25,"win",283,435,0.939525,92.226,481,1.038877,101.979,13.5,13.5,13.5,25.23,25.23,35.9827302632,59.9958881579,"Varias veces por semana","6–10 horas","Avanzado",3,5,5,5,5,5,5,1,5,3,3,3,1,2,4,4,1,1,2,1,1,5,4,3,0,0,1,4.71666666666667,119,119.0015,"Recoil","Ausente","Ausente","Presente",1
"C6E631","8e67c14b-098a-4790-8301-ab832419230f",103,101,1,0,1,2,3.375,4.75,2.625,2.75,"win",278,435,1.055825,93.885,838,2.033981,180.863,5.5,5.5,5.5,7.122,7.338,39.0624219725,59.5555555556,"Diario","6–10 horas","Experto",5,5,4,5,5,5,5,4,3,4,1,2,2,5,3,1,3,2,4,4,2,3,2,2,1,0,1,4.63333333333333,34,32.9986,"Shake + Recoil","Presente","Ausente","Presente",1
"C6E738","035e4ae5-9b01-49a1-80bb-bfd33381c569",3,101,1,0,1,2,3.083,5,1.875,2.375,"win",232,435,1.25,112.5,408,1.172414,105.517,2,2,2,4.138,4.397,29.1088911089,59.8496503497,"Diario","11–20 horas","Experto",5,5,5,5,5,5,5,5,1,1,1,3,1,4,2,2,3,1,2,1,1,4,4,3,1,0,1,3.86666666666667,17,16.0002666666667,"Shake + Recoil","Presente","Ausente","Presente",1
"C6E800","81897b06-fd81-4935-9f3e-1c168deb59e9",95,0,0,0,0,0,3.958,4.125,4.25,3.5,"win",447,435,0.747423,58.389,1144,1.965636,153.557,20,20,20,51.409,51.409,44.6152073733,57.9156682028,"Diario","Menos de 2 horas","Experto",3,5,2,5,5,5,5,3,5,4,5,3,5,4,4,4,5,4,3,5,5,2,1,3,0,0,0,7.45,383,382.99705,"Control","Ausente","Ausente","Ausente",1
"C6E934","afaa0155-d8f3-4a19-a679-8ef47249787c",123,110,1,1,0,2,3.083,4.5,2.25,2.5,"win",172,435,1.440397,151.744,279,0.923841,97.326,4.5,4.5,4.5,4.535,4.884,32.2865636147,59.935196195,"Varias veces por semana","2–5 horas","Intermedio",5,5,4,5,5,4,5,3,1,1,3,3,2,4,3,1,3,3,2,2,1,4,3,2,1,1,0,2.86666666666667,14,13.0003333333333,"Shake + Zoom","Presente","Presente","Ausente",1
"C6E968","7033731e-be72-49f3-a158-88e7c4890a67",84,101,1,0,1,2,2.333,3.25,2,1.75,"death",483,434,0.724541,53.913,418,0.69783,51.925,4,4,4,16.17,7.081,55.2727060472,50.501751109,"Rara vez","Menos de 2 horas","Principiante",1,5,2,5,5,5,2,1,5,5,1,1,1,1,1,1,1,1,1,1,2,5,2,1,1,0,1,8.05,57,130.1685,"Shake + Recoil","Presente","Ausente","Presente",1
"C6E975","692afeaf-88db-4284-976e-beeee8413b96",74,110,1,1,0,2,3.375,5,2.75,2.375,"death",442,434,0.724541,58.914,764,1.275459,103.71,4.5,4.5,4.5,22.262,8.824,41.7766419627,49.4571939688,"Una vez por semana","Menos de 2 horas","Avanzado",5,5,5,5,5,5,5,5,5,5,4,2,1,3,1,1,3,2,1,3,2,5,2,1,1,1,0,7.36666666666667,65,163.996733333333,"Shake + Zoom","Presente","Presente","Ausente",1
"C6F079","5301e41a-4687-4d81-abd5-9103dd9d50e5",61,101,1,0,1,2,2.833,3,2.25,3.25,"win",142,435,1.126943,183.803,204,0.528497,86.197,7,7,7,7.606,8.451,29.8139723802,59.296506905,"Varias veces por semana","Menos de 2 horas","Intermedio",3,3,3,3,3,3,4,2,2,2,2,1,1,5,3,2,3,1,2,5,4,4,2,5,1,0,1,2.36666666666667,20,18.0008666666667,"Shake + Recoil","Presente","Ausente","Presente",1
"C6F087","51e201a5-8671-4003-b7bf-2453a27f8181",59,11,0,1,1,2,3.833,4.125,4.5,2.875,"death",444,434,0.724541,58.649,878,1.465776,118.649,23.5,23.5,23.5,90.881,80.676,36.5120999219,59.3380171741,"Varias veces por semana","Menos de 2 horas","Intermedio",5,5,4,4,3,4,4,4,5,5,4,4,5,4,5,4,2,4,4,2,2,4,4,1,0,1,1,7.4,597,672.5194,"Zoom + Recoil","Ausente","Presente","Presente",1
"C6F196","7cbc6bac-31b7-4341-8e27-9e0e39ea6ad5",92,100,1,0,0,1,4.333,4.875,4.75,3.375,"win",210,435,1.13577,124.286,588,1.535248,168,5.5,5.5,5.5,12.286,12.286,31.4098179812,59.7517926089,"Diario","Más de 20 horas","Experto",5,5,4,5,5,5,5,5,5,5,5,5,3,5,5,5,2,2,4,2,2,5,5,5,1,0,0,3.5,43,43.001,"Shake","Presente","Ausente","Ausente",1
"C6F221","dd46af74-5e44-481c-961c-44a1df094eb7",154,11,0,1,1,2,2.708,4.25,2.625,1.25,"win",414,435,0.728643,63.043,870,1.457286,126.087,6.5,6.5,6.5,13.478,13.478,33.9079909961,59.944006753,"Rara vez","2–5 horas","Básico",4,5,3,5,5,5,4,3,4,4,4,1,1,2,2,3,1,1,1,1,1,3,1,1,0,1,1,6.9,93,92.9982,"Zoom + Recoil","Ausente","Presente","Presente",1
"C6F310","6d6c8b0a-7f32-4120-864f-1757d438c8a5",76,11,0,1,1,2,2.25,3.25,2.25,1.25,"death",113,95,0.475,50.442,128,0.64,67.965,40.306,40.354,40.306,40.306,40.354,38.6282306163,50.5765407555,"Rara vez","Menos de 2 horas","Intermedio",2,4,4,4,3,4,4,1,3,5,1,1,3,3,1,1,1,1,1,1,1,2,1,2,0,1,1,1.88333333333333,76,75.9096333333333,"Zoom + Recoil","Ausente","Presente","Presente",1
"C6F377","fb7c8cf5-1b21-4341-97b6-8afa63bbea89",174,110,1,1,0,2,3.667,5,2.625,3.375,"win",172,435,1.412338,151.744,404,1.311688,140.93,3.5,3.5,3.5,11.86,11.86,23.9836494441,48.5493786789,"Varias veces por mes","Menos de 2 horas","Intermedio",5,5,5,5,5,5,5,5,3,4,1,1,1,5,3,3,3,5,5,3,1,3,2,5,1,1,0,2.86666666666667,34,33.9986666666667,"Shake + Zoom","Presente","Presente","Ausente",1
"C6F410","e8e70be3-66e8-4abd-8157-b58ad3ccc5e4",163,11,0,1,1,2,3.625,3.75,3.375,3.75,"win",115,435,0.953947,226.957,305,0.66886,159.13,16.174,16.174,14.609,14.609,16.174,27.0846063455,59.0904817861,"Diario","11–20 horas","Avanzado",2,5,4,5,4,4,5,1,4,1,3,2,4,4,5,4,4,2,5,5,1,5,5,3,0,1,1,1.91666666666667,31,28.0005833333333,"Zoom + Recoil","Ausente","Presente","Presente",1
"C6F428","b6337ca6-0416-46b6-a9ed-a78d8ea4fa08",127,0,0,0,0,0,1.917,2.875,1.875,1,"win",127,435,1.526316,205.512,417,1.463158,197.008,3.5,3.5,3.5,3.78,3.78,28.9573770492,56.4221311475,"Diario","11–20 horas","Avanzado",4,4,1,3,5,3,1,2,2,2,3,4,1,1,1,1,1,1,1,1,1,1,1,1,0,0,0,2.11666666666667,8,8.001,"Control","Ausente","Ausente","Ausente",1
"C6F475","42f13b81-8a0e-4acd-8ce8-8270f40d08b1",50,10,0,1,0,1,2.792,4.375,2.625,1.375,"win",293,435,1.112532,89.078,478,1.222506,97.884,5,5,5,18.43,18.43,41.7713841369,59.4385692068,"Varias veces por semana","Más de 20 horas","Avanzado",5,4,4,5,5,5,5,2,2,2,3,5,2,5,1,1,2,1,1,3,1,1,1,1,0,1,0,4.88333333333333,90,89.9998333333333,"Zoom","Ausente","Presente","Ausente",1
"C6F643","6f5d4349-239d-44b8-98da-4828fdc75a5c",79,110,1,1,0,2,3.25,2.75,3.875,3.125,"win",198,435,0.798165,131.818,220,0.40367,66.667,4.5,4.5,4.5,19.697,20.909,28.9865967366,59.2027972028,"Una vez por semana","2–5 horas","Avanzado",3,4,2,4,3,3,2,1,4,5,4,2,2,4,5,5,3,1,4,4,2,3,5,3,1,1,0,3.3,69,65.0001,"Shake + Zoom","Presente","Presente","Ausente",1
"C6F681","bd4d300a-53d4-4b24-ad46-64d19ab0e84c",131,110,1,1,0,2,4.792,5,4.375,5,"win",191,435,1.314199,136.649,510,1.540785,160.209,10.5,10.5,10.5,16.649,16.963,29.981884058,59.4921497585,"Diario","11–20 horas","Experto",5,5,5,5,5,5,5,5,5,5,5,5,1,5,5,4,5,5,5,5,5,5,5,5,1,1,0,3.18333333333333,54,52.9993166666667,"Shake + Zoom","Presente","Presente","Ausente",1
"C6F831","e509480d-9abc-448c-99a2-b370493a7de2",157,0,0,0,0,0,1.792,2.375,1.625,1.375,"death",102,166,1.006061,97.647,284,1.721212,167.059,31.453,31.765,31.453,31.453,31.765,34.995872033,56.6181630547,"Rara vez","Menos de 2 horas","Intermedio",2,5,5,2,1,2,1,1,4,3,1,1,1,1,1,1,1,1,2,1,1,3,1,1,0,0,0,1.7,54,53.4701,"Control","Ausente","Ausente","Ausente",1
"C6H036","d7c646c1-4ab1-4f92-87f1-1a441d2a214e",152,1,0,0,1,1,3.208,4.625,2.125,2.875,"win",157,435,1.474576,166.242,549,1.861017,209.809,6.5,6.5,6.5,14.904,14.904,30.9848920863,58.8417266187,"Diario","11–20 horas","Experto",5,5,4,5,5,5,5,3,1,3,1,1,1,4,5,1,2,2,3,5,3,5,2,1,0,0,1,2.61666666666667,39,38.9988,"Recoil","Ausente","Ausente","Presente",1
"C6H217","b7c48a10-1c42-43c1-bc58-ece266868745",129,11,0,1,1,2,4.25,4.5,4.25,4,"win",365,435,0.92161,71.507,710,1.504237,116.712,7.5,7.5,7.5,16.767,16.767,37.1704907584,59.9244741874,"Diario","2–5 horas","Avanzado",5,5,3,5,5,5,5,3,5,5,5,5,1,5,5,3,3,2,5,4,4,5,4,5,0,1,1,6.08333333333333,102,101.99925,"Zoom + Recoil","Ausente","Presente","Presente",1
"C6H280","0f33c073-f218-41b5-af78-ee891110b44a",13,0,0,0,0,0,2.417,3.5,2.375,1.375,"death",463,434,0.724541,56.242,798,1.33222,103.413,6.5,6.5,6.5,50.179,32.786,33.8171993562,57.0653023684,"Rara vez","Menos de 2 horas","Principiante",4,5,3,3,3,4,3,3,4,4,3,2,2,2,1,1,2,2,1,1,1,2,1,1,0,0,0,7.71666666666667,253,387.214616666667,"Control","Ausente","Ausente","Ausente",1
"C6H469","6f344d23-060f-487f-9a19-960432103187",78,10,0,1,0,1,3.208,4.625,2.875,2.125,"win",221,435,1.228814,118.1,679,1.918079,184.344,3,3,3,8.959,8.959,30.3973890339,59.3624020888,"Diario","Más de 20 horas","Avanzado",5,5,3,5,5,5,5,4,3,3,3,2,1,5,3,3,2,2,3,2,1,3,3,1,0,1,0,3.68333333333333,33,32.9989833333333,"Zoom","Ausente","Presente","Ausente",1
"C6H486","4bfb2dd5-6f1f-475f-8dfa-3073d34d9f8a",54,0,0,0,0,0,3.125,3,4.125,2.25,"death",434,434,0.724541,60,432,0.721202,59.724,6,6,6,25.664,9.539,52.9599424322,57.3674742144,"Varias veces por semana","6–10 horas","Intermedio",2,4,3,2,2,4,3,4,5,4,5,5,4,3,3,4,2,2,2,2,2,3,2,3,0,0,0,7.23333333333333,69,185.636266666667,"Control","Ausente","Ausente","Ausente",1
"C6H502","70148665-4c49-4e80-9e8d-bfddc9aaebd0",82,110,1,1,0,2,2.875,3.75,2.875,2,"win",299,435,1.068796,87.291,691,1.697789,138.662,7.5,7.5,7.5,37.124,37.124,34.8448993754,57.3240804997,"Diario","11–20 horas","Avanzado",4,3,4,5,4,4,4,2,5,4,2,1,1,5,3,2,2,3,2,2,1,2,2,2,1,1,0,4.98333333333333,185,185.001266666667,"Shake + Zoom","Presente","Presente","Ausente",1
"C6H576","168647f2-0e56-4d4d-8b84-b57b16dc88ff",19,100,1,0,0,1,3.833,4.875,3.625,3,"win",385,435,0.896907,67.792,887,1.828866,138.234,3.5,3.5,3.5,9.195,9.351,48.1316348195,58.6207537155,"Varias veces por semana","2–5 horas","Intermedio",5,5,5,5,5,5,5,4,4,3,4,3,2,4,4,5,3,3,3,3,1,5,4,2,1,0,0,6.41666666666667,60,59.00125,"Shake","Presente","Ausente","Ausente",1
"C6H626","b329c955-b2ea-4ee5-a9a9-c23be8ef1b97",126,110,1,1,0,2,3.167,3.75,3.25,2.5,"death",437,434,0.724541,59.588,1056,1.762938,144.989,5.5,5.5,5.5,18.124,7.963,49.9417126409,57.2074838091,"Diario","2–5 horas","Intermedio",5,4,4,5,3,4,3,2,2,4,3,4,2,4,4,3,1,4,3,1,1,4,4,2,1,1,0,7.28333333333333,58,132.003133333333,"Shake + Zoom","Presente","Presente","Ausente",1
"C6H934","12a9ff81-ed85-4e81-b71e-625079debd23",16,10,0,1,0,1,2.917,3.375,2.5,2.875,"death",387,434,0.724541,67.287,894,1.492487,138.605,11.5,11.5,11.5,44.341,28.992,35.8025588834,45.8104100029,"Diario","Más de 20 horas","Avanzado",5,3,1,5,5,4,3,1,2,2,1,1,1,5,5,3,4,2,4,3,1,3,4,2,0,1,0,6.45,187,285.99945,"Zoom","Ausente","Presente","Ausente",1
"C6J068","7f9a2bfb-e0f8-4dd3-9aad-991db4caf9bf",93,0,0,0,0,0,3.792,4.25,3.75,3.375,"win",250,435,0.984163,104.4,860,1.945701,206.4,3.5,3.5,3.5,8.16,8.88,30.0036734694,59.8448979592,"Una vez por semana","Menos de 2 horas","Intermedio",4,4,3,5,5,5,5,3,5,5,3,3,2,4,4,4,3,3,4,4,2,4,4,3,0,0,0,4.16666666666667,37,34,"Control","Ausente","Ausente","Ausente",1
"C6J145","7a2a5f50-6269-4136-867f-01efe12eb3b1",90,111,1,1,1,3,2.917,4.75,1.75,2.25,"win",231,435,1.118252,112.987,613,1.575835,159.221,1,1,1,5.455,5.714,45.5138516533,58.6474530831,"Varias veces por semana","2–5 horas","Avanzado",5,5,5,5,5,5,5,3,3,2,1,1,1,2,3,1,3,2,1,3,1,5,2,1,1,1,1,3.85,22,21.00175,"Shake + Zoom + Recoil","Presente","Presente","Presente",1
"C6J149","3b58d74b-cc08-487e-9868-de651ad91a67",44,0,0,0,0,0,3.5,4.75,4.125,1.625,"win",205,435,1.294643,127.317,349,1.03869,102.146,5.5,5.5,5.5,13.756,13.756,29.2949152542,59.2033898305,"Rara vez","Menos de 2 horas","Intermedio",5,5,3,5,5,5,5,5,5,5,5,5,1,5,3,4,2,1,3,1,1,1,3,1,0,0,0,3.41666666666667,47,46.9996666666667,"Control","Ausente","Ausente","Ausente",1
"C6J186","634e38f9-b18e-4f50-9032-7a9cd74c0cb3",69,100,1,0,0,1,2.583,4.375,2.375,1,"win",158,435,1.55914,165.19,316,1.132616,120,2.5,2.5,2.5,16.329,18.608,28.0176340926,59.9970609846,"Diario","11–20 horas","Experto",5,5,2,5,5,5,5,3,1,3,1,1,1,5,5,2,1,1,1,1,1,1,1,1,1,0,0,2.63333333333333,49,42.9997,"Shake","Presente","Ausente","Ausente",1
"C6J251","5ad6173a-e8c5-467c-84e4-239f7bafba3f",65,1,0,0,1,1,3.458,4.875,2.5,3,"win",158,435,1.208333,165.19,567,1.575,215.316,5.5,5.5,5.5,8.354,8.734,26.3877822045,59.5710491368,"Diario","6–10 horas","Intermedio",5,5,5,5,5,5,5,4,4,5,1,3,1,3,1,2,3,3,3,3,1,3,5,3,0,0,1,2.63333333333333,23,21.9988666666667,"Recoil","Ausente","Ausente","Presente",1
"C6J409","0c5e03c1-121d-4c92-affb-7ee2298844f7",12,1,0,0,1,1,3.833,4.625,3,3.875,"win",266,435,1.058394,98.12,286,0.695864,64.511,20.5,20.5,20.5,26.842,26.842,29.5017391304,59.3991304348,"Varias veces por semana","Menos de 2 horas","Intermedio",5,5,4,4,5,5,5,4,3,5,2,2,2,4,4,2,4,3,3,5,5,4,3,4,0,0,1,4.43333333333333,119,118.999533333333,"Recoil","Ausente","Ausente","Presente",1
"C6J480","af37841a-5da4-4b27-b085-5b56eaba9bf3",122,1,0,0,1,1,3.667,3.875,3.625,3.5,"death",411,434,0.724541,63.358,780,1.30217,113.869,5.5,5.5,5.5,40.218,32.409,37.5470661673,59.9011235955,"Diario","6–10 horas","Experto",3,5,3,5,5,5,4,1,5,5,4,3,1,5,5,1,4,3,5,3,1,3,5,4,0,0,1,6.85,222,275.4933,"Recoil","Ausente","Ausente","Presente",1
"C6J565","cacce394-6c33-4073-8334-66ead8905bb1",142,100,1,0,0,1,3.75,4,3.875,3.375,"win",299,435,1,87.291,853,1.96092,171.171,4,4,4,15.251,15.251,38.2725512969,59.5203252033,"Varias veces por semana","6–10 horas","Intermedio",4,5,2,5,4,5,5,2,4,5,4,4,1,5,5,3,4,3,4,5,1,4,4,2,1,0,0,4.98333333333333,76,76.0008166666667,"Shake","Presente","Ausente","Ausente",1
"C6J755","f598cc70-cae8-420e-be86-d7c0aaab814f",170,111,1,1,1,3,4.083,4.25,4,4,"death",345,434,0.724541,75.478,759,1.267112,132,6,6,6,19.948,11.652,32.8282282282,58.8081081081,"Una vez por semana","2–5 horas","Intermedio",5,4,3,4,4,5,5,4,3,5,4,5,4,4,4,3,5,4,4,4,2,4,5,4,1,1,1,5.75,67,114.701,"Shake + Zoom + Recoil","Presente","Presente","Presente",1
"C6J781","b7927167-a7db-4e53-8ca9-c44109513a9c",128,11,0,1,1,2,3.333,4,3.25,2.75,"death",350,434,0.724541,74.4,281,0.469115,48.171,21.5,21.5,21.5,69.058,28.971,34.7833001988,59.4082173625,"Varias veces por semana","2–5 horas","Intermedio",3,4,4,5,3,4,4,5,5,5,2,2,2,4,4,2,1,3,4,2,2,3,3,4,0,1,1,5.83333333333333,169,402.838333333333,"Zoom + Recoil","Ausente","Presente","Presente",1
"C6J969","a8d1c687-19dd-45e2-9790-065afb18364c",120,10,0,1,0,1,3.583,4.25,3.375,3.125,"win",132,435,1.515679,197.727,315,1.097561,143.182,7.5,7.5,7.5,10.455,10.455,26.7324171382,58.2109943411,"Varias veces por semana","6–10 horas","Intermedio",5,5,4,4,5,4,4,3,4,5,2,2,1,5,4,4,3,3,4,2,2,5,5,1,0,1,0,2.2,23,23.001,"Zoom","Ausente","Presente","Ausente",1
"C6J976","ceab0b07-b184-4685-b87a-c7114da64c24",146,11,0,1,1,2,3.625,4.5,2.5,3.875,"win",317,435,0.887755,82.334,1443,2.944898,273.123,3,3,3,10.221,10.221,44.1504339441,59.8948891032,"Diario","Más de 20 horas","Avanzado",5,5,4,5,5,5,4,3,2,1,2,3,2,4,3,3,5,3,3,5,3,5,3,4,0,1,1,5.28333333333333,54,54.00095,"Zoom + Recoil","Ausente","Presente","Presente",1
"C6K050","288dd9db-2943-40d4-bfae-52d4a488fa95",31,0,0,0,0,0,3.75,4.25,3.875,3.125,"win",181,435,0.761821,144.199,328,0.574431,108.729,4,4,4,43.425,43.757,32.6400255754,59.9936061381,"Diario","11–20 horas","Intermedio",5,5,1,5,5,5,5,3,1,5,5,5,1,5,5,4,1,4,4,4,1,3,4,4,0,0,0,3.01666666666667,132,130.99875,"Control","Ausente","Ausente","Ausente",1
"C6K100","342b9a7e-5e72-4d0d-b90e-57947496b99e",37,110,1,1,0,2,3.417,4.75,3.125,2.375,"death",395,434,0.724541,65.924,942,1.572621,143.089,5.5,5.5,5.5,18.835,7.595,39.8712164477,46.1193603655,"Varias veces por semana","6–10 horas","Avanzado",5,4,4,5,5,5,5,5,5,4,2,2,1,5,5,1,3,2,3,2,1,5,2,1,1,1,0,6.58333333333333,50,123.997083333333,"Shake + Zoom","Presente","Presente","Ausente",1
"C6K468","2c88a764-84ed-44a1-b1c1-f2448c972218",33,100,1,0,0,1,4.083,4.625,3.625,4,"win",267,435,1.066176,97.753,606,1.485294,136.18,5,5,5,7.416,7.416,35.1708758732,10.0714669533,"Diario","2–5 horas","Intermedio",5,4,4,5,5,5,4,5,5,3,3,3,3,4,4,4,4,3,5,4,3,5,5,3,1,0,0,4.45,33,33.0012,"Shake","Presente","Ausente","Ausente",1
"C6K596","e9ae714c-6ca4-414d-87d9-e968c35ebfe2",164,1,0,0,1,1,3.333,4.875,3.5,1.625,"win",392,435,0.788043,66.582,817,1.480072,125.051,4,4,4,21.735,21.735,50.1847457627,53.893220339,"Una vez por semana","Menos de 2 horas","Avanzado",5,5,5,5,5,5,5,4,5,3,4,3,2,4,3,4,1,2,3,1,1,2,2,1,0,0,1,6.53333333333333,142,142.002,"Recoil","Ausente","Ausente","Presente",1
"C6K604","7977afbe-8e55-42c2-93d8-26664e97cf4e",87,1,0,0,1,1,3.875,4.5,3.75,3.375,"win",389,435,0.822306,67.095,1079,2.039698,166.427,5.5,5.5,5.5,12.956,13.111,37.2799401198,59.9931137725,"Diario","2–5 horas","Intermedio",4,5,5,4,4,4,5,5,5,3,4,4,2,5,4,3,3,4,3,3,3,4,4,3,0,0,1,6.48333333333333,85,83.9980666666667,"Recoil","Ausente","Ausente","Presente",1
"C6K735","bb33ae0e-0e76-43dc-8d46-8bc833341d89",130,101,1,0,1,2,2.417,2.875,3.375,1,"death",378,434,0.724541,68.889,720,1.202003,114.286,5.5,5.5,5.5,22.189,14.444,50.2833103448,59.9222068966,"Una vez por semana","Menos de 2 horas","Básico",3,3,3,3,2,3,4,2,4,5,4,2,2,4,3,3,1,1,1,1,1,1,1,1,1,0,1,6.3,91,139.7907,"Shake + Recoil","Presente","Ausente","Presente",1
"C6K793","eec8103b-bda3-4b52-8ef4-9a1612e30394",167,110,1,1,0,2,3.917,4,3.375,4.375,"win",125,435,1.459732,208.8,456,1.530201,218.88,6.5,6.5,6.5,12.48,12.48,28.2574626866,60.0018656716,"Diario","Más de 20 horas","Avanzado",5,2,2,5,4,4,5,5,3,3,3,5,2,5,4,2,5,5,3,4,3,5,5,5,1,1,0,2.08333333333333,26,26,"Shake + Zoom","Presente","Presente","Ausente",1
"C6K949","996ab3fb-c28a-4951-a2af-8850a2aaf382",109,10,0,1,0,1,3.042,3.375,3,2.75,"death",161,191,0.868182,71.18,143,0.65,53.292,24.5,24.5,24.5,29.985,30.186,38.8838383838,60.0043290043,"Varias veces por semana","2–5 horas","Principiante",3,5,5,3,1,5,2,3,1,5,1,1,5,5,5,1,1,1,1,4,4,3,3,5,0,1,0,2.68333333333333,81,80.45975,"Zoom","Ausente","Presente","Ausente",1
"C6K956","bd717d47-60ae-4fdb-a0cb-1c515c1c3f27",133,100,1,0,0,1,2.75,3.875,1.875,2.5,"win",240,435,1.121134,108.75,758,1.953608,189.5,4,4,4,22.75,22.75,30.0807153214,59.918318028,"Varias veces por semana","Menos de 2 horas","Avanzado",5,4,3,4,3,5,5,2,3,2,1,1,2,4,1,1,3,2,2,4,3,3,2,1,1,0,0,4,91,91,"Shake","Presente","Ausente","Ausente",1
"C6M132","1004050c-e64e-441a-b2d5-113a08160a55",14,100,1,0,0,1,2.333,3.5,1.875,1.625,"death",332,434,0.933333,78.434,180,0.387097,32.53,20,20,20,46.874,46.988,42.4449217551,59.9374041117,"Rara vez","Menos de 2 horas","Principiante",2,4,4,5,3,4,3,3,4,4,1,1,1,2,1,1,2,1,1,2,1,4,1,1,1,0,0,5.53333333333333,260,259.369466666667,"Shake","Presente","Ausente","Ausente",1
"C6M153","2104ffd8-6435-4041-9c45-5c1f205b0976",26,11,0,1,1,2,2.542,4.375,2,1.25,"win",235,435,1.038186,111.064,304,0.725537,77.617,5,5,5,17.872,17.872,41.6146653543,59.4315944882,"Rara vez","Menos de 2 horas","Básico",5,5,4,5,5,5,5,1,1,5,1,2,2,2,2,1,1,1,2,1,1,1,2,1,0,1,1,3.91666666666667,70,69.9986666666667,"Zoom + Recoil","Ausente","Presente","Presente",1
"C6M259","9cd9cb7a-588c-4e2b-be05-e8bb79f9757f",111,0,0,0,0,0,3.25,3.25,3.75,2.75,"win",128,435,2.208122,203.906,517,2.624365,242.344,5,5,5,8.906,9.375,27.6831844029,56.5101543461,"Diario","2–5 horas","Avanzado",5,4,1,5,5,2,3,1,2,5,4,5,1,5,5,3,4,2,1,4,1,4,5,1,0,0,0,2.13333333333333,20,18.9994666666667,"Control","Ausente","Ausente","Ausente",1
"C6M464","caf16c51-3c9d-4af3-a29b-57ac07f87506",143,0,0,0,0,0,3.833,4.375,3.5,3.625,"win",324,435,0.891393,80.556,527,1.079918,97.593,10.5,10.5,10.5,17.593,17.778,32.0133045667,59.9949658396,"Diario","Más de 20 horas","Avanzado",5,5,1,5,5,5,5,4,2,5,3,3,1,5,5,4,2,4,5,2,2,4,5,5,0,0,0,5.4,96,95.0022,"Control","Ausente","Ausente","Ausente",1
"C6M619","621165b4-b72a-4b51-aca8-8901fdd12de6",68,110,1,1,0,2,3.833,4.5,3.5,3.5,"win",117,435,1.342593,223.077,266,0.820988,136.41,2.051,2.051,1.538,1.538,2.051,26.2566897919,59.7512388503,"Diario","11–20 horas","Intermedio",5,5,3,5,5,5,5,3,5,5,3,4,2,4,3,2,2,3,4,4,3,5,4,3,1,1,0,1.95,4,2.9991,"Shake + Zoom","Presente","Presente","Ausente",1
"C6M649","a0bf9a3f-dcc7-48b9-953c-ec94412c791d",115,10,0,1,0,1,3.417,3.625,3.5,3.125,"death",365,434,0.724541,71.342,204,0.340568,33.534,7,7,7,31.068,18.904,29.7117647059,50.8904024768,"Rara vez","Menos de 2 horas","Principiante",5,5,5,3,4,3,2,2,4,4,4,2,3,4,4,3,5,3,3,3,1,4,3,3,0,1,0,6.08333333333333,115,188.997,"Zoom","Ausente","Presente","Ausente",1
"C6M671","f106d89b-85f7-40bb-9334-c29f021612d0",169,10,0,1,0,1,3.625,4.625,3.375,2.875,"win",175,435,1.494845,149.143,511,1.756014,175.2,9.5,9.5,9.5,22.971,24,28.3606349206,52.6831746032,"Diario","6–10 horas","Intermedio",5,4,4,5,5,5,5,4,4,3,4,3,3,4,3,3,2,3,3,3,2,4,3,3,0,1,0,2.91666666666667,70,66.99875,"Zoom","Ausente","Presente","Ausente",1
"C6M734","47544f88-440c-4c4f-9eff-85ec5f081088",53,1,0,0,1,1,3.875,5,2.625,4,"win",174,435,1.322188,150,310,0.942249,106.897,6,6,6,9.655,9.655,29.8130762783,10.1374685666,"Diario","6–10 horas","Básico",5,5,5,5,5,5,5,5,1,5,1,2,5,1,1,5,5,5,1,5,1,5,5,5,0,0,1,2.9,28,27.9995,"Recoil","Ausente","Ausente","Presente",1
"C6M780","6d229162-2e07-41e4-bc92-6ad11ae33970",75,1,0,0,1,1,3.75,5,3.125,3.125,"win",173,435,1.286982,150.867,823,2.434911,285.434,2.5,2.5,2.5,5.202,5.202,31.2016179216,56.4735532047,"Diario","Más de 20 horas","Experto",5,5,5,5,5,5,5,5,5,5,2,3,1,5,3,1,1,4,5,3,1,5,5,1,0,0,1,2.88333333333333,15,14.9991,"Recoil","Ausente","Ausente","Presente",1
"C6M899","50d353db-3226-48d3-89fd-00a80fcf618d",58,1,0,0,1,1,3.792,3.625,4,3.75,"win",161,435,0.910042,162.112,467,0.976987,174.037,4.5,4.5,4.5,6.335,6.335,30.4530154278,58.3260869565,"Varias veces por mes","2–5 horas","Intermedio",5,5,1,4,5,4,4,1,4,5,4,3,4,4,4,4,5,4,4,3,4,5,4,1,0,0,1,2.68333333333333,17,16.9989166666667,"Recoil","Ausente","Ausente","Presente",1
"C6N030","34d0417c-4143-4fc0-a37a-6017fdc07b44",38,110,1,1,0,2,4.708,4.75,4.5,4.875,"death",335,68,0.148796,12.179,153,0.334792,27.403,4,4,4,27.388,27.403,56.0814763231,59.9972144847,"Rara vez","Menos de 2 horas","Principiante",5,5,3,5,5,5,5,5,5,5,5,5,1,5,5,5,5,5,5,5,4,5,5,5,1,1,0,5.58333333333333,153,152.916333333333,"Shake + Zoom","Presente","Presente","Ausente",1
"C6N099","cebb591f-f29d-4a40-a655-6e05d5f87ad2",147,110,1,1,0,2,3.208,4,2.75,2.875,"win",354,435,0.964523,73.729,329,0.72949,55.763,16.5,16.5,16.5,36.441,36.61,35.5705863085,59.6262692434,"Varias veces por semana","Menos de 2 horas","Intermedio",4,4,5,4,3,4,4,4,4,4,2,2,2,4,3,1,3,3,3,3,2,3,4,2,1,1,0,5.9,216,215.0019,"Shake + Zoom","Presente","Presente","Ausente",1
"C6N171","e5f697dc-6c6a-44a9-b2d4-33a751744ed0",159,100,1,0,0,1,3.958,4.625,4.25,3,"win",265,435,1.112532,98.491,599,1.531969,135.623,10.5,10.5,10.5,16.075,16.075,34.4052564646,45.5468418822,"Diario","Más de 20 horas","Intermedio",5,5,4,5,5,5,5,3,5,5,5,3,1,5,5,5,4,3,4,1,1,5,3,3,1,0,0,4.41666666666667,71,70.9979166666667,"Shake","Presente","Ausente","Ausente",1
"C6N196","2303b01f-fa08-4f77-bc3a-7a0d5f6d678b",27,10,0,1,0,1,3.417,4.75,3.375,2.125,"win",120,435,1.163102,217.5,562,1.502674,281,8.5,8.5,8.5,12,12.5,25.0839760069,57.6289631534,"Diario","Más de 20 horas","Intermedio",5,5,4,5,4,5,5,5,3,3,4,2,3,4,4,4,1,2,3,1,1,4,3,2,0,1,0,2,25,24,"Zoom","Ausente","Presente","Ausente",1
"C6N290","262290b4-7470-4bf4-b2bf-279c0874fdc2",30,111,1,1,1,3,3.917,4.75,3.75,3.25,"win",178,435,1.338462,146.629,307,0.944615,103.483,4,4,4,8.764,8.764,30.9797385621,59.9052287582,"Diario","Más de 20 horas","Avanzado",5,5,3,5,5,5,5,5,5,5,3,5,1,5,5,1,3,3,5,1,1,5,5,3,1,1,1,2.96666666666667,26,25.9998666666667,"Shake + Zoom + Recoil","Presente","Presente","Presente",1
"C6N291","79cce2e0-a462-4d63-81d1-e8d2ee2a09fc",88,1,0,0,1,1,4.917,4.75,5,5,"win",258,435,1.12987,101.163,92,0.238961,21.395,17,17,17,21.628,21.628,33.3688230009,59.5606469003,"Rara vez","Menos de 2 horas","Principiante",5,5,5,5,3,5,5,5,5,5,5,5,5,5,5,5,5,5,5,5,5,5,5,5,0,0,1,4.3,93,93.0004,"Recoil","Ausente","Ausente","Presente",1
"C6N421","65b2d718-b1e1-4b2e-90c8-b45bf09c8a0c",70,0,0,0,0,0,5,5,5,5,"win",224,435,1.101266,116.518,759,1.921519,203.304,6,6,6,18.214,18.75,33.8750650703,60.0005205622,"Diario","2–5 horas","Experto",5,5,5,5,5,5,5,5,5,5,5,5,5,5,5,5,5,5,5,5,5,5,5,5,0,0,0,3.73333333333333,70,67.9989333333333,"Control","Ausente","Ausente","Ausente",1
"C6N594","93bad4a3-b6cc-4716-8212-ae631efe5f35",106,111,1,1,1,3,2.792,3.625,3.125,1.625,"win",154,435,1.515679,169.481,491,1.710801,191.299,9.5,9.5,9.5,11.688,11.688,29.1509715994,59.355754858,"Varias veces por semana","6–10 horas","Avanzado",5,4,3,3,4,3,4,3,2,3,4,2,3,4,4,3,2,1,1,2,1,2,2,2,1,1,1,2.56666666666667,30,29.9992,"Shake + Zoom + Recoil","Presente","Presente","Presente",1
"C6N647","6ed179b4-89b7-43c6-822a-653ff5ce4b9d",77,110,1,1,0,2,3.208,3.5,3,3.125,"win",379,435,0.866534,68.865,1055,2.101594,167.018,29,29,29,71.873,71.873,35.893692224,58.5038064165,"Rara vez","2–5 horas","Avanzado",3,2,4,4,4,4,4,3,5,2,2,4,2,3,4,2,4,3,3,4,2,4,2,3,1,1,0,6.31666666666667,454,453.997783333333,"Shake + Zoom","Presente","Presente","Ausente",1
"C6N678","38d8b32c-4188-4206-833f-551f5c7cbd9b",42,100,1,0,0,1,3.375,4.5,3.5,2.125,"death",441,434,0.724541,59.048,767,1.280467,104.354,9.5,9.5,9.5,30.967,14.286,52.4557894737,59.3826315789,"Varias veces por mes","Menos de 2 horas","Intermedio",5,5,4,5,4,5,5,3,5,5,3,4,3,2,4,2,2,2,2,1,1,4,3,2,1,0,0,7.35,105,227.60745,"Shake","Presente","Ausente","Ausente",1
"C6N732","613255d8-47d3-42be-8925-4e006c72eb2f",67,10,0,1,0,1,3.417,4.375,3,2.875,"win",185,435,1.359375,141.081,681,2.128125,220.865,4,4,4,9.73,10.054,29.3141910547,59.8558807289,"Varias veces por semana","11–20 horas","Intermedio",5,4,4,4,4,5,5,4,3,3,4,3,2,4,3,2,4,3,3,2,2,4,3,2,0,1,0,3.08333333333333,31,30.0008333333333,"Zoom","Ausente","Presente","Ausente",1
"C6N926","4051b7aa-e01a-4aa7-9892-f783d98cb3c2",48,1,0,0,1,1,3.333,4.75,2.5,2.75,"win",159,435,1.593407,164.151,204,0.747253,76.981,3.5,3.5,3.5,10.189,10.566,25.6399217221,56.9197651663,"Rara vez","Menos de 2 horas","Avanzado",4,5,4,5,5,5,5,5,1,4,1,2,1,4,4,3,2,3,3,3,2,3,3,3,0,0,1,2.65,28,27.00085,"Recoil","Ausente","Ausente","Presente",1
"C6P270","dc71cb76-5231-40eb-9cb1-dd33e312d796",153,111,1,1,1,3,4.042,4.5,3.625,4,"win",328,435,0.89876,79.573,716,1.479339,130.976,6.5,6.5,6.5,5.854,5.854,34.7633991537,59.1593794076,"Varias veces por mes","Menos de 2 horas","Intermedio",5,5,4,4,3,5,5,5,5,5,3,3,2,4,4,3,5,4,5,5,3,4,2,4,1,1,1,5.46666666666667,32,32.0018666666667,"Shake + Zoom + Recoil","Presente","Presente","Presente",1
"C6P283","866ae6ff-f11a-48a5-80c4-82cc30f73382",98,1,0,0,1,1,3.958,4.625,3.75,3.5,"death",398,434,0.724541,65.427,744,1.24207,112.161,8.5,8.5,8.5,35.123,26.985,34.855393586,59.544606414,"Diario","11–20 horas","Intermedio",5,5,3,5,5,5,5,4,4,4,3,4,3,4,4,4,4,4,4,3,1,4,5,3,0,0,1,6.63333333333333,179,232.982566666667,"Recoil","Ausente","Ausente","Presente",1
"C6P414","b2ea2a8d-0698-437a-ab5a-fe0d53f8e384",125,11,0,1,1,2,3.125,5,1.875,2.5,"win",138,435,1.494845,189.13,336,1.154639,146.087,3,3,3,5.652,6.087,29.7328548644,56.5326953748,"Diario","Más de 20 horas","Intermedio",5,5,5,5,5,5,5,5,1,5,1,1,1,4,1,1,3,2,3,3,1,3,1,4,0,1,1,2.3,14,12.9996,"Zoom + Recoil","Ausente","Presente","Presente",1
"C6P512","6f93e1ac-02d4-4851-9145-f230dc3f0436",81,0,0,0,0,0,3.667,4.25,2.875,3.875,"win",363,435,0.759162,71.901,750,1.308901,123.967,10,10,10,58.512,58.678,38.9768767818,59.035159962,"Varias veces por semana","2–5 horas","Básico",4,5,4,4,4,5,5,3,4,4,1,3,2,4,4,1,5,5,4,3,3,4,4,3,0,0,0,6.05,355,353.9976,"Control","Ausente","Ausente","Ausente",1
"C6P592","a87a8604-d3a5-44e7-935f-4c2dc8365229",119,101,1,0,1,2,4.583,5,4.25,4.5,"win",187,435,1.570397,139.572,668,2.411552,214.332,5.5,5.5,5.5,9.305,9.305,36.8652526513,60.0168434186,"Varias veces por semana","11–20 horas","Intermedio",5,5,5,5,5,5,5,5,5,5,4,4,4,4,5,3,4,4,4,5,5,5,5,4,1,0,1,3.11666666666667,29,29.0005833333333,"Shake + Recoil","Presente","Ausente","Presente",1
"C6P601","547c202d-b1b3-4c60-99a5-8ea4b22b788b",63,111,1,1,1,3,3.5,5,2.875,2.625,"win",97,435,2.326203,269.072,51,0.272727,31.546,12.99,12.99,12.371,12.371,12.99,20.9964028777,60.0119904077,"Diario","2–5 horas","Intermedio",5,5,5,5,5,5,5,5,5,4,4,1,2,2,2,3,4,1,2,4,4,4,1,1,1,1,1,1.61666666666667,21,19.9997833333333,"Shake + Zoom + Recoil","Presente","Presente","Presente",1
"C6P845","12b80902-760c-44ca-ad02-905a58cf4b1e",17,101,1,0,1,2,2.5,3.375,2.625,1.5,"death",495,434,0.724541,52.606,654,1.09182,79.273,11,11,11,19.117,10.545,48.4488170532,59.8186929023,"Rara vez","Menos de 2 horas","Principiante",3,3,3,4,4,5,3,2,3,4,4,2,3,2,1,2,3,2,1,1,1,2,1,1,1,0,1,8.25,87,157.71525,"Shake + Recoil","Presente","Ausente","Presente",1
"C6P847","c3d2f2ab-c4ef-4536-8eb3-12b6f72ca721",138,110,1,1,0,2,2.917,4.625,2.875,1.25,"win",231,435,1.239316,112.987,430,1.225071,111.688,7,7,7,25.714,25.714,31.0578324226,56.6183970856,"Diario","Más de 20 horas","Avanzado",4,5,3,5,5,5,5,5,4,5,5,3,1,3,1,1,1,1,1,3,1,1,1,1,1,1,0,3.85,99,98.9989,"Shake + Zoom","Presente","Presente","Ausente",1
"C6P853","b1420e15-afa5-4ddf-add1-b8a2145496f0",124,0,0,0,0,0,4.042,3.375,4.25,4.5,"win",214,435,1.121134,121.963,651,1.677835,182.523,2.5,2.5,2.5,6.729,6.729,30.5597176982,59.894679696,"Varias veces por semana","2–5 horas","Intermedio",3,2,2,4,5,4,4,3,3,5,4,2,5,5,5,5,5,5,5,5,3,5,5,3,0,0,0,3.56666666666667,24,24.0001,"Control","Ausente","Ausente","Ausente",1
"C6P919","91b87802-8707-470d-9d00-064479a4a5b8",104,11,0,1,1,2,3.667,4.625,3.125,3.25,"death",289,184,0.307179,38.201,568,0.948247,117.924,5,5,5,21.689,6.436,54.1109545615,59.9401197605,"Varias veces por semana","2–5 horas","Avanzado",4,5,4,5,4,5,5,5,5,3,3,2,2,4,2,4,5,3,2,4,1,5,3,3,0,1,1,4.81666666666667,31,104.468683333333,"Zoom + Recoil","Ausente","Presente","Presente",1
"C6Q124","c26f96e0-4ce9-4a54-9f0d-d845d54f3f5e",136,0,0,0,0,0,3.583,3.125,3.25,4.375,"win",276,435,1.253602,94.565,235,0.677233,51.087,11,11,11,14.565,14.565,32.2880171951,10.1488447071,"Diario","2–5 horas","Intermedio",2,1,2,4,5,5,5,1,1,4,2,4,4,4,3,4,3,4,5,5,4,5,4,5,0,0,0,4.6,67,66.999,"Control","Ausente","Ausente","Ausente",1
"C6Q167","4548f910-9a55-4100-961c-f382f4bb860c",51,10,0,1,0,1,2.875,4.5,2.75,1.375,"win",283,435,0.798165,92.226,585,1.073394,124.028,42,42,42,60.848,60.848,35.6248979592,59.3579591837,"Varias veces por semana","6–10 horas","Intermedio",5,5,4,5,5,5,4,3,2,5,1,5,1,4,3,1,1,1,2,1,1,2,2,1,0,1,0,4.71666666666667,287,286.999733333333,"Zoom","Ausente","Presente","Ausente",1
