id,run_id,damage_source,total_damage,total_kills
002a6381-f32d-430a-a3b5-d538a2465f7c,3e3efb61-24e5-429d-852c-19f4e9fc411c,burn,0.25,0
00766692-d216-435c-814b-2a5ca58962be,fb7c8cf5-1b21-4341-97b6-8afa63bbea89,aura,28.2786028125,5
0173b325-7048-420f-adf2-df4b1433af3c,34d0417c-4143-4fc0-a37a-6017fdc07b44,burn,1.0,0
018d266b-788e-4e31-bcfd-2407a5c31245,621165b4-b72a-4b51-aca8-8901fdd12de6,arrow,1767.698,495
02d73de6-7148-4cd4-afe2-7a3a0528ddf0,b7c48a10-1c42-43c1-bc58-ece266868745,burn,1360.6871456,259
03cb13f0-6e66-4a39-868a-e47f05e1cb28,af37841a-5da4-4b27-b085-5b56eaba9bf3,burn,603.187766149124,223
03cbb113-da1a-4057-8096-58e59009460c,c26f96e0-4ce9-4a54-9f0d-d845d54f3f5e,burn,249.55275151,123
03f3821d-f983-4557-8c87-44f20b00ac05,dc71cb76-5231-40eb-9cb1-dd33e312d796,death_arrows,1128.9217255009,285
04c87751-335b-4ff6-9f77-712023a5cd94,2c88a764-84ed-44a1-b1c1-f2448c972218,arrow,2907.44394940003,778
06784d2f-98de-47a8-8d1d-9c5e59e54b96,70148665-4c49-4e80-9e8d-bfddc9aaebd0,burn,1090.752690625,253
06b4227a-7d27-4a37-bcad-840e9ef5d266,09726140-1472-4f52-8046-609564f04c30,death_arrows,452.263422222211,125
06e2976d-fe69-4985-b82e-0b9ae8dd37be,e31732b1-438f-479a-8775-5b6ba5b93d43,burn,12.027,19
06e5393f-d05a-479c-81f7-0457e855995f,7033731e-be72-49f3-a158-88e7c4890a67,death_arrows,361.59272266,216
07115e73-9508-4239-9fac-7ad4a1293111,e7a3224f-83fb-4c12-8455-7055cd163174,arrow,4609.51831135503,964
07188b31-8c38-40d6-b751-1900d82199e5,547c202d-b1b3-4c60-99a5-8ea4b22b788b,death_arrows,152.8617,18
078a2d7d-96fe-4467-a5bc-3d1ae2a154df,6d229162-2e07-41e4-bc92-6ad11ae33970,death_arrows,512.16391125,156
07c7e54e-0f6e-4a8f-9b6b-ee155039e54f,bd4d300a-53d4-4b24-ad46-64d19ab0e84c,aura,62.12817,10
096fb266-67ab-4dcc-a4a7-4097a52b57db,e31732b1-438f-479a-8775-5b6ba5b93d43,death_arrows,36.491,22
09debbac-40b7-4d0c-82ec-2a87c3514e48,7f9a2bfb-e0f8-4dd3-9aad-991db4caf9bf,death_arrows,3990.55948599999,847
0a9fa9ba-dd5f-497e-87f3-3a2b0a13c62f,12b80902-760c-44ca-ad02-905a58cf4b1e,arrow,2469.68734,1091
0ab4925c-3b35-4106-9ce1-ddd9e92f584d,89ad5a3a-b615-4b5c-935b-4558b5a3b498,death_arrows,324.5732,134
0b58cba8-afd8-4e7c-b180-5aed900cc1e4,c26f96e0-4ce9-4a54-9f0d-d845d54f3f5e,death_arrows,1908.38966718968,477
0bb70c0e-bbf5-4e45-9c31-990a6fe886c7,93bad4a3-b6cc-4716-8212-ae631efe5f35,burn,294.0216,118
0c78bbfd-ab84-4c31-8c32-c85b9a58b4f7,0af94b2a-fe69-479c-b598-81d3a6b77610,arrow,2039.673617,605
0cb9ca28-96f3-42c2-80a4-c77cd47198b3,c898d806-a716-4325-b001-6d08c47b92e2,arrow,46.083,43
0cdccc62-f943-486a-a87d-dd521e7972f3,93bad4a3-b6cc-4716-8212-ae631efe5f35,death_arrows,499.7864,108
0d2f3b03-6ed3-4190-8d21-036d8da7864f,0c266f69-0927-4d71-b084-d2a9b2ea6880,aura,225.2640806875,79
0d340010-f4a2-4b29-b818-2d0226cea622,692afeaf-88db-4284-976e-beeee8413b96,aura,984.378000000033,419
0d67cc24-9a4a-4d0a-a877-03d817413078,c898d806-a716-4325-b001-6d08c47b92e2,death_arrows,12.088,12
0e7be48a-2a48-4d70-884e-a5f5a9422d09,f598cc70-cae8-420e-be86-d7c0aaab814f,burn,36.4299,10
0ed83dd8-7b48-4111-942e-1e6ba3c9d06c,e509480d-9abc-448c-99a2-b370493a7de2,death_arrows,95.33645,74
0fb9e36c-d515-4978-940b-7c0779351de3,262290b4-7470-4bf4-b2bf-279c0874fdc2,arrow,2202.13220443332,569
1366a41c-d69e-421d-a27a-81d8c5c2f08a,afaa0155-d8f3-4a19-a679-8ef47249787c,arrow,1830.827802,521
142cf3b8-b08a-4f76-8e1a-637052bd5a7b,6f93e1ac-02d4-4851-9145-f230dc3f0436,arrow,4763.66875043435,1272
144ca309-20df-436c-8df7-692a3bbf7479,eca21d22-361e-4144-ac20-b2387c331e66,aura,94.49188,12
147f38b0-4cfe-48da-a571-2b07e03fcd3d,2c88a764-84ed-44a1-b1c1-f2448c972218,death_arrows,1665.65377106879,435
14e89be1-11e6-4ac8-bb13-22ff42027001,e9ae714c-6ca4-414d-87d9-e968c35ebfe2,death_arrows,174.785,72
15ab9533-ba62-4126-936a-6f1ab513d017,c2df6f2d-07f9-4a83-8136-fc23784b3bfd,arrow,3155.69263093241,826
15ee8223-01b8-44b3-91ad-99e2230d2b33,93bad4a3-b6cc-4716-8212-ae631efe5f35,arrow,1550.88281533333,473
1605870a-36f4-4b9f-b41c-10f7aa05d0a2,9cd9cb7a-588c-4e2b-be05-e8bb79f9757f,arrow,1302.56145775,344
161beb6d-5217-46b8-bd88-6d2c2c65f9f1,fa29c145-da90-4e54-ab17-34b98261236e,arrow,2380.193471125,546
1629ddc2-2dbc-4063-af19-3cef0ff0598e,5f346316-7b98-4fed-9d5e-0aace5ac2f77,burn,354.06243,120
1670349e-dcfa-4d30-a519-31716413ee0b,47544f88-440c-4c4f-9eff-85ec5f081088,arrow,1825.978648,533
167b5694-b7ad-4c40-beaa-0f94f007a494,8c8dc550-93e5-4ed0-b7de-35848833931a,death_arrows,379.50237962,102
176a47cb-5b47-4ab1-878f-13ef5f285fab,8c8dc550-93e5-4ed0-b7de-35848833931a,arrow,2978.99362322164,827
176c051a-295d-44e0-bd6e-01343b7a9f3d,613255d8-47d3-42be-8925-4e006c72eb2f,aura,53.4500000000001,2
177cf942-b2d5-4683-a7b8-87bfe7f33669,b1420e15-afa5-4ddf-add1-b8a2145496f0,aura,223.7660625,33
17f7834d-890c-43d0-a83b-b2d77ebb7139,7a2a5f50-6269-4136-867f-01efe12eb3b1,aura,245.55,64
181dd1ed-de6f-4a9d-b05d-478ed6c72565,613255d8-47d3-42be-8925-4e006c72eb2f,death_arrows,934.088143999999,306
1832c10e-e232-4ee5-be02-3074aef92ebd,39139dd7-19b0-4fa3-9fb3-94f2cdf42553,death_arrows,560.185440000001,151
1855fc29-25e9-45f1-9737-2664b2a0689c,3b58d74b-cc08-487e-9868-de651ad91a67,burn,707.996682939999,170
18607825-006b-43e2-bbce-789e4ba22b32,42f13b81-8a0e-4acd-8ce8-8270f40d08b1,aura,43.0,2
18c16f75-390b-453c-9d85-ee39cfd935b6,fd1e77bb-7d0a-4c7f-8dbc-66e1a1900f98,burn,36.663232,7
191069c9-6d19-4ec3-a48b-b7e7fd166766,50d353db-3226-48d3-89fd-00a80fcf618d,aura,229.425,73
1975b95c-e06f-446e-9a55-7bc75568ddd9,12a9ff81-ed85-4e81-b71e-625079debd23,aura,1037.02560000004,198
19a7bae1-ca7b-4229-b74e-08c4dcfad932,3b58d74b-cc08-487e-9868-de651ad91a67,aura,181.97702896,18
1a0941b2-f01d-483d-9f55-66694dfeb976,12b80902-760c-44ca-ad02-905a58cf4b1e,death_arrows,689.852059999998,385
1a1b6d6b-92d1-4e89-a180-13776e617620,f598cc70-cae8-420e-be86-d7c0aaab814f,arrow,2968.28452000001,899
1a6147cf-093a-44f2-9670-6dc458dc812f,7546a5ef-7cb3-4608-8e5e-89703199492a,aura,100.6055536,14
1af9221b-abd1-4ed1-813b-0c75ddc4cf25,23ab4078-96b4-4d96-83ad-65a4abe8e1b9,death_arrows,362.6533402,143
1b4bc314-1c81-4bed-9ee3-de6d1662783b,6f344d23-060f-487f-9a19-960432103187,aura,79.2235,23
1b8b05c4-b1df-4200-8ea0-c3d2efb0df55,e8e70be3-66e8-4abd-8157-b58ad3ccc5e4,aura,50.25,12
1bb18c27-86d2-4fc6-9e3c-b40064d93309,9cd9cb7a-588c-4e2b-be05-e8bb79f9757f,aura,111.93236525,25
1bb235fd-4f3c-495e-abd4-b4da720a8995,0c5e03c1-121d-4c92-affb-7ee2298844f7,arrow,3473.45733129997,905
1bd25020-abab-49f8-9dd9-d0ece8c7986c,035e4ae5-9b01-49a1-80bb-bfd33381c569,burn,332.059706864558,92
1c02f6ea-9fa3-4bc2-85a6-3dc099bb958f,547c202d-b1b3-4c60-99a5-8ea4b22b788b,burn,20.3339,15
1d47cadb-c076-4752-a6f6-5a3634258a61,b1420e15-afa5-4ddf-add1-b8a2145496f0,death_arrows,330.7675625,125
1d52663a-b37d-40fd-ace4-5b8d7990d352,23ab4078-96b4-4d96-83ad-65a4abe8e1b9,aura,44.3926000000004,5
1d6b6527-eee2-4e3c-a833-a3120eaef349,0f33c073-f218-41b5-af78-ee891110b44a,death_arrows,1229.520776,430
1d8807c7-c15a-404b-9f96-ed45b4d46225,4c3ee856-dc8a-44b9-af4c-599ed8f7cff0,arrow,5211.50079200003,1336
1d978cdb-5a35-49b8-bb87-a5fe38c02832,5f346316-7b98-4fed-9d5e-0aace5ac2f77,death_arrows,1708.072185,600
1dcd5958-faaa-40c3-93a5-8079486d8ee3,51e201a5-8671-4003-b7bf-2453a27f8181,aura,1341.29716692496,205
1e72bf14-e949-4c52-bdcc-138ed4c6b0b1,9ab3cb58-4328-49e5-83a8-a1dbb1e96fa3,death_arrows,92.0188621499999,32
1ecef9ac-2e0d-4305-b603-5cdc8e1abcb2,87f2ad84-6a6c-45fd-8769-fbb8127db460,arrow,41.25,37
1f87e835-2651-4033-a4b0-f6c259a2636f,d4278cff-e28c-4a9e-bfb9-0f0b9f7256e8,arrow,877.633899000001,471
1fbd33e2-f7c9-4d82-accc-e049a0890b51,6ed179b4-89b7-43c6-822a-653ff5ce4b9d,burn,2365.038116,500
1fde0893-2930-479a-accd-c70fca50148a,dd46af74-5e44-481c-961c-44a1df094eb7,aura,632.863293125,250
20606540-d090-40aa-a985-3b620bf88096,c3d2f2ab-c4ef-4536-8eb3-12b6f72ca721,aura,236.987309999998,28
22a3ee9a-d689-4d05-aa78-f5df0a7d0ba5,7cbc6bac-31b7-4341-8e27-9e0e39ea6ad5,burn,553.690632019999,102
22df035b-699e-4a9d-9054-c9801a38bade,168647f2-0e56-4d4d-8b84-b57b16dc88ff,death_arrows,89.13245,17
23be6aca-9cb4-4c20-9c5f-a4cbb0b9de77,8d3951ff-68f5-4229-abc8-b0e014ccf3e4,arrow,4304.20605581961,1059
242bba51-4bda-450f-a673-f619fae9d166,5301e41a-4687-4d81-abd5-9103dd9d50e5,death_arrows,591.453224999999,171
24a9f495-5ddd-4a6d-8e33-4b74bb0c65e9,cacce394-6c33-4073-8334-66ead8905bb1,aura,11.768,3
24b63c25-7629-4b03-bca7-412b735e22d4,36f78638-69ff-473d-91cc-cd779e015bf1,death_arrows,206.39222,44
24dbc609-40b0-4018-a632-831419987922,dc71cb76-5231-40eb-9cb1-dd33e312d796,arrow,2088.69438713999,631
24f9e8c9-2ef7-428c-9842-1c6f94e1d89a,5ad6173a-e8c5-467c-84e4-239f7bafba3f,arrow,1846.09010556437,452
251d2df6-cb76-45d9-ad20-4dc9d6739383,a237dbf8-beeb-4a59-ab92-d49219739e0e,burn,173.3739,41
26b7a240-ab26-4938-84e2-67ba7b421011,aa655d65-e325-4f24-aa9d-7f7fc515f2aa,death_arrows,132.28896125,79
26e77aec-7f97-47f1-908b-f111a2150a64,42f13b81-8a0e-4acd-8ce8-8270f40d08b1,burn,489.042355699999,254
27475168-ec85-4012-8370-f1e46fb7f9e4,866ae6ff-f11a-48a5-80c4-82cc30f73382,arrow,4562.1415,1367
277a3800-92d2-4a85-abc3-5cacea883c80,634e38f9-b18e-4f50-9032-7a9cd74c0cb3,burn,109.049,61
28033b9f-8a24-4ead-90ff-9f758de52775,81b98eed-3c9b-4dac-a7cf-101b8d758192,death_arrows,156.378,89
28386dfd-1788-496d-b3e9-264fe3354501,7cbc6bac-31b7-4341-8e27-9e0e39ea6ad5,arrow,3618.76252512002,929
287dbce9-2cc3-41b3-9224-5552fd438787,02f1bdb0-befd-484c-bafd-e0885d364786,aura,110.2915,30
29075e7e-694d-4ede-8365-8bfc7aa25ae8,06fe9657-81a8-498e-98e3-7a0a247229de,arrow,263.848615,181
29c29a55-585d-47cb-a132-806a19b61a2a,32d9bf5b-89d1-4916-895e-c95307c39b07,aura,120.427375,22
29cbdf7f-72d9-4836-9a6c-37a9a63c66f6,b7c48a10-1c42-43c1-bc58-ece266868745,death_arrows,1775.69904320001,521
2b474c5c-e631-4a6a-96fa-57a9783fb782,02f1bdb0-befd-484c-bafd-e0885d364786,burn,355.41098,99
2c2d28c5-eaca-442e-ab1a-21ab781bec7c,b6337ca6-0416-46b6-a9ed-a78d8ea4fa08,aura,30.686432,7
2c8a03a7-ea05-423e-8237-5515f4f826ed,a8d1c687-19dd-45e2-9790-065afb18364c,arrow,1399.49866504762,416
2d7dab9b-d418-46f3-9399-38e5701870ee,54448c6e-91f8-473c-9073-92b6e431d4a0,burn,56.249375,50
2deb9497-446a-4e3a-abd2-4c6ecd056132,bd717d47-60ae-4fdb-a0cb-1c515c1c3f27,death_arrows,1293.31008000001,347
2e50386d-e0a0-4f19-9992-81b5f77800d8,7031b138-ad7f-4da4-a7d4-d8b5e3ecd4df,death_arrows,500.270288,146
2e54a23c-b18e-401a-944b-fef2daa814c6,f09784ea-cb6a-4d4f-8b68-c36060821e1a,aura,1440.93243719997,391
2ee21844-a9a6-4568-ae4f-fff37ad97c7f,67c16107-bd12-4c96-ac7e-51da750aa2c3,death_arrows,212.231,47
314cb023-c781-4ca5-a369-78513ba33507,a87a8604-d3a5-44e7-935f-4c2dc8365229,aura,69.3000000000004,4
31d1a2b2-21a3-4e30-b667-2c0b974b9505,9d8bbd50-38f6-4adb-b6bd-75316bcbdefc,arrow,415.1981,279
320b2fac-7825-40fd-87b2-312f6a7abc69,9e43f054-b7f0-4a0e-ab92-f14b62b69f0f,arrow,2937.82096951586,937
323faab6-c31c-4549-b40e-33d162b2c670,42f13b81-8a0e-4acd-8ce8-8270f40d08b1,arrow,1761.69463730553,453
33183fc5-2188-4371-88a6-6edf8fb973d3,4bfb2dd5-6f1f-475f-8dfa-3073d34d9f8a,aura,237.184245,50
343c20ff-924c-414c-9772-619441889e31,00cb4abd-c3c4-445a-9e1a-4eef1cd73545,burn,31.4944571999999,8
344ec4c6-bc17-4ef5-9551-4c53e275798e,7031b138-ad7f-4da4-a7d4-d8b5e3ecd4df,arrow,1154.89759283334,361
34814be3-1805-4ea7-aa6f-9bb64bd9133f,f106d89b-85f7-40bb-9334-c29f021612d0,arrow,2236.21869773065,651
3509d2e6-2749-489c-b64a-cbdfaecfed6b,5f346316-7b98-4fed-9d5e-0aace5ac2f77,arrow,3045.27320000001,951
35462221-952b-445c-aa2f-37bf1a97e834,9d8bbd50-38f6-4adb-b6bd-75316bcbdefc,death_arrows,70.8122,38
3632da43-a913-447d-9c00-9e82d409df10,f5a67edd-38e5-474f-b534-8a441e3b4aa9,death_arrows,1478.59879003,497
36a81156-5e28-4023-a54e-674afbe84833,342b9a7e-5e72-4d0d-b90e-57947496b99e,aura,83.5516,11
37b445fe-bcf8-4ba0-b515-d03739e4b47c,7033731e-be72-49f3-a158-88e7c4890a67,aura,280.94329491,64
38e7b32f-4aa4-4c7e-8adb-7611486c0189,6f344d23-060f-487f-9a19-960432103187,arrow,3503.72185327776,881
38ef9058-9656-49c2-90f9-4834c9cfd6b0,f09784ea-cb6a-4d4f-8b68-c36060821e1a,arrow,3767.8989094,1060
391f59e7-e158-4530-9bd8-8e40462d73d5,525e6543-d63d-4785-b687-fc62572801c7,burn,10.55,20
397a9347-c640-41ff-850e-e1adb5578141,1004050c-e64e-441a-b2d5-113a08160a55,burn,179.0175,32
3a450b73-dc9f-4c3a-b37e-fd07517a3dc1,fd75850e-6df8-4c86-8241-884da7ee6142,aura,253.60235999999,21
3aa8cb83-2b72-47d4-a633-a7ecd89f30db,e9ae714c-6ca4-414d-87d9-e968c35ebfe2,burn,253.06,113
3b236d00-c247-4165-ae94-fd3fc99a57b1,0c266f69-0927-4d71-b084-d2a9b2ea6880,arrow,1140.88505282366,446
3c2e5a99-b44f-41c0-8ede-d9db535df1ae,09726140-1472-4f52-8046-609564f04c30,arrow,2163.216125,634
3c3a11ad-fbbb-40c7-bb29-9bb75eb0222b,70148665-4c49-4e80-9e8d-bfddc9aaebd0,arrow,4885.97734812502,1210
3c668af0-eec6-4de0-a733-e9558dcfd475,b2ea2a8d-0698-437a-ab5a-fe0d53f8e384,arrow,2007.18709354761,532
3c71b435-99fb-4193-9b9a-6398cd959025,39139dd7-19b0-4fa3-9fb3-94f2cdf42553,aura,102.09148,24
3ccca082-03fd-44c8-961e-7155459d752a,7977afbe-8e55-42c2-93d8-26664e97cf4e,death_arrows,2238.88509812493,547
3d6808af-3375-4343-a8c6-c3382b16c320,fd1e77bb-7d0a-4c7f-8dbc-66e1a1900f98,arrow,1419.23647676191,431
3d6894a4-d73e-458c-9c28-02df5015f966,e8892054-5eeb-4a73-888c-042ff814e38b,arrow,2170.51076727776,641
3d9ee2df-025c-4417-bea3-cb4dce0493f0,c26f96e0-4ce9-4a54-9f0d-d845d54f3f5e,arrow,3344.33095635001,872
40e45435-e2a9-41de-9056-e94f4fd715c2,fb7c8cf5-1b21-4341-97b6-8afa63bbea89,arrow,3286.47512112698,873
4134a4ca-8345-4fdd-a644-e605aa37f1cb,e8e70be3-66e8-4abd-8157-b58ad3ccc5e4,arrow,1978.2865915,555
416bb8a8-f486-4cd9-9be5-4159018924da,bb33ae0e-0e76-43dc-8d46-8bc833341d89,death_arrows,178.502625,78
4196c2bf-2216-439d-b117-e035389be8f7,40670b81-b267-43df-9a3a-56f504bf6354,death_arrows,1119.29729915,318
41c92667-3278-4398-957d-048cfc7cbbd4,e772dbc8-d74c-4d97-9993-ee6e996bbf89,burn,825.75872055,316
42d351db-78b4-4435-94a7-7dd45d4c1dac,cebb591f-f29d-4a40-a655-6e05d5f87ad2,death_arrows,1565.4139077166,519
434d9e96-cc8f-446e-bda1-dcf48bcd2305,288dd9db-2943-40d4-bfae-52d4a488fa95,arrow,1679.56992,513
43ac19d3-6324-4920-a84e-460011413cea,0c5e03c1-121d-4c92-affb-7ee2298844f7,death_arrows,753.169839999995,241
4411d7cc-7403-48cc-9533-c0599c7346ba,a87a8604-d3a5-44e7-935f-4c2dc8365229,arrow,2269.74166666666,659
4464682f-6cc7-427d-a58f-2a9eb46e42d1,6ed179b4-89b7-43c6-822a-653ff5ce4b9d,arrow,3907.96439574053,1008
4553acec-8887-4eee-a0e6-0f0f650af6da,36f78638-69ff-473d-91cc-cd779e015bf1,aura,241.956699999999,68
45adbbf0-9af3-4911-a5e2-3a84650302af,692afeaf-88db-4284-976e-beeee8413b96,arrow,1471.665,796
4662eceb-5179-44b5-a407-b797b1acc44f,f598cc70-cae8-420e-be86-d7c0aaab814f,death_arrows,765.292639999999,246
46e64cbb-d3f9-43a2-92ff-c59d2ddff884,1dce3196-e3f5-479c-9b38-f50703b0e15d,arrow,2032.10199449999,630
47d49e4c-8339-43bd-a500-2dd461d87444,1004050c-e64e-441a-b2d5-113a08160a55,arrow,1406.81624999999,618
47e084af-8853-466f-9841-556a34ce7248,621165b4-b72a-4b51-aca8-8901fdd12de6,burn,31.229,10
481d5895-1fab-4f61-b50c-f2f0dd81eded,2303b01f-fa08-4f77-bc3a-7a0d5f6d678b,arrow,2031.96842488889,572
48222746-864a-4594-8486-0c3fc4fcb7bd,c3d2f2ab-c4ef-4536-8eb3-12b6f72ca721,death_arrows,1253.51406,233
484375e5-4f2d-428f-90f3-d36328e27a2f,6d6c8b0a-7f32-4120-864f-1757d438c8a5,death_arrows,19.131228,20
48455c66-8934-4514-a195-e19f75ac97f3,32f853da-62d8-4f61-8ed7-32f77c52f2c5,arrow,1521.31942644443,436
48473eaa-6a59-47bc-927c-26ab7cc88980,47544f88-440c-4c4f-9eff-85ec5f081088,burn,69.9207579999999,42
489e6934-e54d-4167-a518-3d03757e5e98,b1420e15-afa5-4ddf-add1-b8a2145496f0,arrow,2293.65881033332,709
48a0ab48-f70f-4ddf-99d6-80208ba472cb,689bcacd-5e06-4be3-be11-3e60dc829331,aura,186.903933671874,23
494244ea-61b1-4007-b3c5-0af937b548b7,8c8dc550-93e5-4ed0-b7de-35848833931a,aura,204.0867205,39
497c7a14-e1f3-41ce-bd0e-d50406834d34,4bfb2dd5-6f1f-475f-8dfa-3073d34d9f8a,arrow,1933.08561,959
497cef61-56ea-4e21-9a00-421d1e94c009,93bad4a3-b6cc-4716-8212-ae631efe5f35,aura,55.5,5
49b7866c-9f51-4b23-8d1c-975f00203a10,91b87802-8707-470d-9d00-064479a4a5b8,death_arrows,13.776,9
49cee1bf-8c33-4d53-85db-bba8589831e1,6f344d23-060f-487f-9a19-960432103187,death_arrows,808.221000000002,244
4a0c1e9f-84c4-48c6-91ae-d3d2f6b25e64,a6d1ed5d-2cb9-4cee-ab6d-4425ab35a53d,arrow,1266.968903008,329
4a1dd9cf-1083-45bd-bebc-7e3a8b693cee,36f78638-69ff-473d-91cc-cd779e015bf1,burn,274.15902,107
4a5f78fe-614a-4417-89f5-e2c2e5339239,79cce2e0-a462-4d63-81d1-e8d2ee2a09fc,burn,180.649616,37
4b6ac7a1-3948-492b-b248-30db8ceb8012,6d6c8b0a-7f32-4120-864f-1757d438c8a5,arrow,122.608888,91
4b8a68c5-6eb8-431f-bf89-5e020694771a,54448c6e-91f8-473c-9073-92b6e431d4a0,death_arrows,373.535303645825,72
4c19d0a0-c3ea-44d9-a50a-e8dd3db9da85,0f33c073-f218-41b5-af78-ee891110b44a,burn,396.045119,152
4c3c1b14-85f0-4f3c-9fd5-8129ef9d434c,eb6ae233-5b63-4bfa-b563-5d9dab5e9da8,arrow,4966.63151999995,1300
4c6d38f8-8fad-4f50-ab97-f12e3b83bcc9,6f93e1ac-02d4-4851-9145-f230dc3f0436,burn,983.114819999999,259
4c979d57-d70a-433b-abcb-21216e8c3fef,02f1bdb0-befd-484c-bafd-e0885d364786,arrow,1216.470185,724
4cd26d56-68cf-4513-842c-1bdfcd6b301d,035e4ae5-9b01-49a1-80bb-bfd33381c569,arrow,2305.1917951875,682
4d1f4ebc-7920-4c60-bd4d-2b3ba5e2ba70,1a01298c-1951-4c77-a8ee-89a3dddad435,aura,1422.3336,548
4d7214c3-fc51-443a-99ce-81cf8d16ab1e,bb33ae0e-0e76-43dc-8d46-8bc833341d89,aura,150.236349999996,37
4ecbd554-732b-47db-85f9-1435e743a2d0,6f5d4349-239d-44b8-98da-4828fdc75a5c,aura,20.125,1
4ffe2895-cf19-4264-84c8-f25366a7c5c7,3b58d74b-cc08-487e-9868-de651ad91a67,death_arrows,3095.35203391999,625
5048fa3c-c27f-438d-866b-37c06ca97348,b7927167-a7db-4e53-8ca9-c44109513a9c,death_arrows,808.768384500002,310
50513607-7e10-48e9-8386-62233d032d4f,8e67c14b-098a-4790-8301-ab832419230f,burn,651.889815999999,266
50c9919c-2804-4116-b64a-1238dc846cd8,7c364856-4292-498d-ab1a-e6d80a700e44,aura,151.32685,29
5147b357-e607-4bb1-8bfa-e5ac8ebbfd68,b7c48a10-1c42-43c1-bc58-ece266868745,arrow,2364.52423562219,654
5147de9f-f1ed-45d4-b31c-c530d798d321,1dce3196-e3f5-479c-9b38-f50703b0e15d,burn,12.22,6
51bef7ca-d4fb-4b5e-9cb4-19164206b3eb,9587088e-2b70-400c-959b-ed89dcdcc02a,arrow,1391.03011712963,390
522ea38f-7ab1-4a66-8d9f-6bb489f2168b,fb7c8cf5-1b21-4341-97b6-8afa63bbea89,burn,296.0022790625,70
52a3be5b-21e6-4843-904a-3dd531a2e9fe,547c202d-b1b3-4c60-99a5-8ea4b22b788b,arrow,1884.3044,522
5425de1c-d5cb-419a-9870-40933ae3ae62,c2df6f2d-07f9-4a83-8136-fc23784b3bfd,aura,218.0155,55
54a81faf-fe24-4e35-a7f7-da4718d41e66,2303b01f-fa08-4f77-bc3a-7a0d5f6d678b,death_arrows,62.31625,11
55219912-d0bb-4f75-b569-a6333f445485,e31732b1-438f-479a-8775-5b6ba5b93d43,aura,12.25,1
56091d78-4257-4193-8568-512710156867,4548f910-9a55-4100-961c-f382f4bb860c,death_arrows,1091.849585,326
563f3f68-c402-44be-bfd1-1843e23b7dd8,525e6543-d63d-4785-b687-fc62572801c7,death_arrows,4.41,0
5655968a-7548-4f0a-86b5-ad99625dde1f,cebb591f-f29d-4a40-a655-6e05d5f87ad2,aura,641.35515235,157
56cc22c8-c8df-4cc5-a89a-647868281337,0c5e03c1-121d-4c92-affb-7ee2298844f7,aura,205.2980064,72
57070f79-28f5-4bdc-8bea-e98642bd0644,866ae6ff-f11a-48a5-80c4-82cc30f73382,death_arrows,858.158800000002,236
572ae143-7e5a-4b2d-8721-c185f273389d,e7a3224f-83fb-4c12-8455-7055cd163174,death_arrows,962.65393939999,197
57a0f4ee-79d0-407e-9f26-b0aebe496e15,5301e41a-4687-4d81-abd5-9103dd9d50e5,aura,17.6,0
5885d827-68ed-4541-a09d-89a05c365811,55442d1a-09e9-40da-bd50-07067d06d202,aura,3.0,3
59fdee9f-015e-49fb-a34b-d35ad7863d1d,866ae6ff-f11a-48a5-80c4-82cc30f73382,burn,290.3852,59
5b83b420-189b-46f6-bc34-1856630cd4e0,8049f7ab-ed9a-40c6-ac11-bb00a01272eb,aura,1384.67717499995,370
5cac8d89-dcab-4a55-859d-7e96bd02f8c8,ceab0b07-b184-4685-b87a-c7114da64c24,death_arrows,1904.960297728,477
5cec67de-2b2d-4770-960d-2e8bae366c1b,fa29c145-da90-4e54-ab17-34b98261236e,aura,28.082117125,2
5d4261e3-acb7-4ef0-befb-a786d266749f,f09784ea-cb6a-4d4f-8b68-c36060821e1a,death_arrows,4259.9933804,1045
5d4d3ce2-96c0-4a3f-94a2-9f2876df6ee9,caf16c51-3c9d-4af3-a29b-57ac07f87506,aura,1029.5218,388
5d6337af-734a-4dee-b11d-8268fd6ae9cb,f71018c8-d3bc-48d5-a035-7382d9ac5e63,death_arrows,612.972000000001,135
5db1f9c7-e6b2-4c5c-a91f-e8c573920f22,3df9d1c6-fd5e-4041-ba8b-7a31b3d49eb4,aura,376.450000000005,85
5e360f18-7bbd-4018-bec5-2f1ccf062411,bd4d300a-53d4-4b24-ad46-64d19ab0e84c,burn,66.712685,21
5e621371-aba9-43bd-bdfc-7b12d5a4ca74,8c8dc550-93e5-4ed0-b7de-35848833931a,burn,134.100742825,67
5fbf219a-43a3-4765-8025-2aaee18b85a0,7033731e-be72-49f3-a158-88e7c4890a67,arrow,648.517313829999,461
5febfa28-d94f-4f2e-a96d-c4f14ab05d30,9587088e-2b70-400c-959b-ed89dcdcc02a,aura,166.82598,61
609046d4-08fb-4224-87e8-7b919499002a,3e3efb61-24e5-429d-852c-19f4e9fc411c,aura,577.7401497,90
60a29f8d-c992-40df-9e72-2a7e6b873f61,692afeaf-88db-4284-976e-beeee8413b96,death_arrows,223.384,121
610be14c-2fd1-463c-83dc-2efac75911fe,2303b01f-fa08-4f77-bc3a-7a0d5f6d678b,aura,27.75,0
61a08f10-2843-4d00-80a8-df4e95152f8a,2e50ed36-00fb-4893-87be-ca4faa89845a,death_arrows,298.345,92
61f108da-7b23-437a-8911-1194ceea2002,23740e2a-e875-442f-a84f-aba564335f30,aura,1679.68580388563,300
622614d5-547f-4378-a674-d7676350e0b7,a8d1c687-19dd-45e2-9790-065afb18364c,burn,16.1375,4
62f43b40-07b2-4231-ae53-9875b2532e3d,fa29c145-da90-4e54-ab17-34b98261236e,burn,87.46168175,4
63abeb5f-16cb-4686-8542-a0036a2df298,aa655d65-e325-4f24-aa9d-7f7fc515f2aa,arrow,199.21103875,156
63d329d5-8be8-4b55-9540-3227e1fc3134,92d8e45d-01ab-4c73-a57a-7ca89a92dea1,burn,245.67011865,110
63fcc68e-2d54-489c-9f42-69091814a9f1,70148665-4c49-4e80-9e8d-bfddc9aaebd0,death_arrows,1540.06706472651,387
648738ed-c6f9-4b92-a8cd-4167eac68b3f,eb6ae233-5b63-4bfa-b563-5d9dab5e9da8,burn,1679.25704,424
64b89dab-69de-40d2-9911-bb2d2cd3abe5,fd75850e-6df8-4c86-8241-884da7ee6142,death_arrows,2503.183944,654
64eb1068-4eed-4d5c-b068-8a6277a133fc,3df9d1c6-fd5e-4041-ba8b-7a31b3d49eb4,arrow,3886.78000000001,1072
65bb5890-26e4-4cb9-940a-6a15c0aae7f1,634e38f9-b18e-4f50-9032-7a9cd74c0cb3,death_arrows,212.143,89
6676f609-66b0-4cba-bcf3-c1c03bbff5cc,32f853da-62d8-4f61-8ed7-32f77c52f2c5,death_arrows,846.0744,246
667e6594-fdba-49a7-87cc-9c8baea308ba,00cb4abd-c3c4-445a-9e1a-4eef1cd73545,arrow,1687.8258800619,457
66e65267-76dc-4221-bdca-a81f0275a8b7,51e201a5-8671-4003-b7bf-2453a27f8181,arrow,4027.23456525004,849
67172574-3018-442c-8769-1e5561ee38b6,47544f88-440c-4c4f-9eff-85ec5f081088,death_arrows,667.390505906926,193
6718e146-090e-4383-9fca-7cb7fa9853b4,00cb4abd-c3c4-445a-9e1a-4eef1cd73545,death_arrows,338.521188,99
676e38a8-4219-40d3-8fed-6a826125d5ef,32d9bf5b-89d1-4916-895e-c95307c39b07,death_arrows,1014.850875,258
6841cb2b-f94c-43cb-b2f1-bf37e423bc7c,7f9a2bfb-e0f8-4dd3-9aad-991db4caf9bf,arrow,2815.095024,721
6881f6d1-3872-4c32-92f2-5bfdef910438,a8d1c687-19dd-45e2-9790-065afb18364c,death_arrows,268.7625,108
68f2ce9f-8ef4-4896-9692-a37efe641ba3,12a9ff81-ed85-4e81-b71e-625079debd23,arrow,3530.26600000007,1013
69649583-3410-42d9-964d-8b72b6b058eb,67c16107-bd12-4c96-ac7e-51da750aa2c3,aura,1214.442,364
6b325108-eab7-4cd5-a8fa-c1f71ffe9cac,8049f7ab-ed9a-40c6-ac11-bb00a01272eb,arrow,6785.03830000001,1942
6c736874-6045-47bd-b973-4f7137d14818,8e67c14b-098a-4790-8301-ab832419230f,death_arrows,1264.597804,273
6cf75c8e-8ddb-406b-8b8d-5c99c59dbf1d,15eff53c-31f4-4c88-af46-459ac4ed3c63,arrow,1636.60691994444,477
6d74c184-c8b6-44b7-bcbb-f65b4a8de82f,b7c48a10-1c42-43c1-bc58-ece266868745,aura,1185.2592608,457
6dfcc86b-f353-49d0-ac8e-db3cfc9db40d,51e201a5-8671-4003-b7bf-2453a27f8181,burn,4633.516697375,985
6e06f848-7249-495e-8850-bda36eef0738,2104ffd8-6435-4041-9c45-5c1f205b0976,arrow,1955.02299488889,583
6f10a4d1-6a30-4084-ac7a-b72894451773,9587088e-2b70-400c-959b-ed89dcdcc02a,death_arrows,453.549076,103
6f4d2acc-ef26-4029-8ff5-b8b35f0d8828,c3d2f2ab-c4ef-4536-8eb3-12b6f72ca721,arrow,3434.34923388896,982
6f88b595-0470-470f-b335-f2e6968367f7,7546a5ef-7cb3-4608-8e5e-89703199492a,arrow,2336.9953744,581
701e25be-fc8f-4c90-bc6b-71b1e6e8ba4a,9ab3cb58-4328-49e5-83a8-a1dbb1e96fa3,aura,33.1666847,5
706c3ead-5856-4a95-b995-12304ee45f55,9cd9cb7a-588c-4e2b-be05-e8bb79f9757f,burn,241.56111975,98
70a6d83d-d5e0-41de-8a88-fbcee8309380,12a9ff81-ed85-4e81-b71e-625079debd23,burn,2656.4668,522
711ce3ff-e261-4681-84ed-10a70bad1a1d,bd4d300a-53d4-4b24-ad46-64d19ab0e84c,arrow,2594.6647091111,781
723138ec-73b8-4832-9651-eead33788c62,bd717d47-60ae-4fdb-a0cb-1c515c1c3f27,arrow,3698.25677988885,1063
726af896-c428-469e-8ba6-ce402150f526,0973cd03-3e0c-44b3-8c9b-d623f490bb68,arrow,4950.35299999994,1224
74747de2-c468-41cf-85e9-0cdf6206737b,bd4d300a-53d4-4b24-ad46-64d19ab0e84c,death_arrows,363.55706,124
759f6cd0-283b-4467-90b8-a166797c631f,6f7225e5-b6d0-4c5c-aa6a-bbe232c5997d,arrow,5705.8914999999,1506
75a2e389-6dfb-4d32-b871-3ec98d006abf,8049f7ab-ed9a-40c6-ac11-bb00a01272eb,death_arrows,1219.429625,308
75bc0b8f-c7cb-420a-8762-c87f1aa7602d,fd8976ed-c72b-47f5-8112-90818cd423af,arrow,5.0,5
7635ca84-74fb-4ed3-acab-748be3edd7a0,89ad5a3a-b615-4b5c-935b-4558b5a3b498,arrow,1339.26947655556,385
7655b980-5992-44b3-948b-33ef8acdc856,23ab4078-96b4-4d96-83ad-65a4abe8e1b9,burn,72.6558382,10
77c277cc-5e19-4bc0-8732-1eab1982bbb9,6ed179b4-89b7-43c6-822a-653ff5ce4b9d,aura,678.529424,230
78148694-833e-4eda-92d4-74bf38ea8fef,7546a5ef-7cb3-4608-8e5e-89703199492a,death_arrows,2070.01171717775,565
7821862f-38b5-4761-8788-047053182b37,9e43f054-b7f0-4a0e-ab92-f14b62b69f0f,aura,336.1,71
7941415d-c8c8-448f-86d3-a66cb6efc400,a237dbf8-beeb-4a59-ab92-d49219739e0e,aura,352.086887500003,83
79c0ca99-8612-4beb-8ed0-476dee5b5214,23740e2a-e875-442f-a84f-aba564335f30,burn,392.366407622813,190
7a4d234f-c1d8-47d4-afa8-db9fc749cfb9,dd46af74-5e44-481c-961c-44a1df094eb7,death_arrows,1173.65182375,282
7a6a25e0-5dd7-40db-acf0-9ba070944f8e,1dce3196-e3f5-479c-9b38-f50703b0e15d,death_arrows,373.093,66
7b04ec6a-2e5e-49a1-b74c-0977d1138e3d,06c446fe-5a73-4930-97bd-9c7179f97dad,arrow,3130.08921038888,1007
7b2b3916-aca1-4431-9024-4cb7f7797c77,501f44e6-b8f8-4dfe-a46e-fc95d6f90753,death_arrows,335.552125,126
7bc50679-358d-49b3-8f27-4c218a5cc285,46f498f8-bfa4-48ee-aa5f-6484e3e7f8f0,arrow,58.682,58
7c9a23b2-662c-49b4-8456-c1c539c054dd,3f71376e-8540-44d6-8916-5cd239cd8db6,death_arrows,733.671397799999,225
7dd79983-914a-4ffc-8e57-50b6554f7077,b329c955-b2ea-4ee5-a9a9-c23be8ef1b97,death_arrows,89.6025,41
7ddc9458-f611-4696-8b03-ef4f77fcf82b,202b46e4-ad32-49b1-a99e-7a43a68118f3,arrow,1395.28154883333,408
7df04611-1039-44a1-84e3-77492478d317,eec8103b-bda3-4b52-8ef4-9a1612e30394,aura,43.5,6
7e3b0c0a-4dad-430e-82e0-6545f8545121,e31732b1-438f-479a-8775-5b6ba5b93d43,arrow,293.482,202
7e57661d-2283-442c-89fb-669d538a7706,cacce394-6c33-4073-8334-66ead8905bb1,death_arrows,200.386,74
7e84038b-843e-4d34-894e-7158f0e2a477,288dd9db-2943-40d4-bfae-52d4a488fa95,death_arrows,597.405373999992,166
7f7f28b0-3335-4f5c-a0d3-825ebbd4e116,40670b81-b267-43df-9a3a-56f504bf6354,aura,42.8879717,14
7fb35c13-5351-476b-98ea-b16192e44d5a,81897b06-fd81-4935-9f3e-1c168deb59e9,arrow,3167.22634127642,922
80043294-0cbf-4f55-b5dc-37cb761be240,d7c646c1-4ab1-4f92-87f1-1a441d2a214e,death_arrows,640.592132,179
80088458-7433-4a79-90c1-01df29ff4780,06c446fe-5a73-4930-97bd-9c7179f97dad,aura,88.10815,39
806f19ba-6c68-4efa-997c-3c5160a832f5,cf52f8cf-aaac-444a-9853-d4fbc5494dd9,burn,1.5,5
810f123c-155c-41f9-b198-62bafc14a25a,689bcacd-5e06-4be3-be11-3e60dc829331,burn,225.744445703125,139
81414941-a7b3-4f26-a9db-934fdd33105f,c26f96e0-4ce9-4a54-9f0d-d845d54f3f5e,aura,114.74793917,9
819c1ec0-da71-4dfe-8b17-44ae71186aeb,d4278cff-e28c-4a9e-bfb9-0f0b9f7256e8,aura,117.024426,30
81ec3a74-2446-4c8a-8d05-e9fcfb414fe5,f106d89b-85f7-40bb-9334-c29f021612d0,burn,60.919696,14
81f70922-d9fc-4bbd-8346-891da1c1ce61,b6337ca6-0416-46b6-a9ed-a78d8ea4fa08,burn,22.98584,16
8281476b-32da-4676-9493-25b062e3f03c,54448c6e-91f8-473c-9073-92b6e431d4a0,arrow,2090.23109375,619
82f560c7-1689-48b8-92c5-6f456aee52f5,168647f2-0e56-4d4d-8b84-b57b16dc88ff,burn,970.224150000001,346
82ff7b74-ec27-4eba-a6bd-2b504e0a1b2e,6f344d23-060f-487f-9a19-960432103187,burn,913.720999999999,224
83288349-dea3-45bb-9817-eb3dff9ba519,6683724d-4b30-470e-b677-f0abfa3ca6d2,arrow,699.452327449999,264
83bae127-e54b-41e2-be3a-1a564ce27500,51e201a5-8671-4003-b7bf-2453a27f8181,death_arrows,3694.11510317501,1015
843cb245-a066-4188-85c3-6769d381a7c4,bd702323-3ac9-41e4-a523-36ce1e6ee464,death_arrows,481.076800000001,163
8481901e-bb06-4fc6-b269-55ba1d871f60,b6337ca6-0416-46b6-a9ed-a78d8ea4fa08,death_arrows,595.935403,128
849b3b75-9612-4f0b-a991-0023a6040b0b,e772dbc8-d74c-4d97-9993-ee6e996bbf89,death_arrows,943.197395599999,182
849eb11d-4e23-4874-8320-9216438bfa65,fb7c8cf5-1b21-4341-97b6-8afa63bbea89,death_arrows,796.698518125,165
84a03f4e-0a04-4702-bb92-bd20985f5ba7,cebb591f-f29d-4a40-a655-6e05d5f87ad2,arrow,1958.08404557,693
859eac26-279a-40dc-aff3-9248220deea6,4051b7aa-e01a-4aa7-9892-f783d98cb3c2,burn,202.043351952,49
87ae86e1-5970-4997-b19d-6d6b9aae8d39,eec8103b-bda3-4b52-8ef4-9a1612e30394,death_arrows,120.571,28
87c256ef-e507-4c92-8cf3-d969bf3f3313,7cbc6bac-31b7-4341-8e27-9e0e39ea6ad5,aura,167.885398599998,28
88633cc9-aa34-4c9b-92a3-7dd407011e42,bd702323-3ac9-41e4-a523-36ce1e6ee464,arrow,1667.78786666666,463
88b1b06d-a95e-46d8-9c55-06987e3113cc,eca21d22-361e-4144-ac20-b2387c331e66,burn,102.71228,33
899c8bcc-4a00-4bd0-b393-20228243d989,92d8e45d-01ab-4c73-a57a-7ca89a92dea1,death_arrows,581.447905737501,125
8a0c1529-1f34-4a89-a89e-97e1ceedc04a,0973cd03-3e0c-44b3-8c9b-d623f490bb68,death_arrows,383.881000000001,79
8a5b57b3-f012-41c3-a7ff-c2a1e7b00fd8,035e4ae5-9b01-49a1-80bb-bfd33381c569,death_arrows,1667.48280378125,364
8ac84f56-bf07-4340-8e63-01cf9b06dc9f,202b46e4-ad32-49b1-a99e-7a43a68118f3,burn,148.972376,69
8aeb9670-b92e-4ff1-afe1-daf766411960,5301e41a-4687-4d81-abd5-9103dd9d50e5,burn,145.8712375,72
8af047f7-c215-4d58-9453-17bd3a91413b,ceab0b07-b184-4685-b87a-c7114da64c24,arrow,2593.92145961599,731
8af2246c-280b-47b9-a9ff-52b50a6a3b0f,23740e2a-e875-442f-a84f-aba564335f30,death_arrows,2790.5705750232,560
8b5c9dd2-6c97-4936-8af8-db11a1df13d6,f598cc70-cae8-420e-be86-d7c0aaab814f,aura,212.767739999992,61
8b81366f-1cde-44e5-a3b0-f72fbefd0b9d,b329c955-b2ea-4ee5-a9a9-c23be8ef1b97,arrow,2454.04924999998,879
8c46593d-a9fe-4bcd-923f-635f0354f089,39139dd7-19b0-4fa3-9fb3-94f2cdf42553,arrow,2712.74636744276,681
8c7f06a9-02d9-4dad-b982-1cdb65f9fb1a,8e67c14b-098a-4790-8301-ab832419230f,arrow,1725.14373855554,520
8c97d593-62e7-4ef5-a199-3e345bdeaaa8,dea2b6e9-a2ee-456a-a159-a4ff9e9d71d5,arrow,1.0,1
8cefb1fe-e2c2-4c72-947d-e13ef7a8fca9,4eefb700-f3e5-46fc-b13e-88efb939c15b,death_arrows,722.276740000001,235
8d815aa9-8842-4467-b6c3-d82e801be908,7977afbe-8e55-42c2-93d8-26664e97cf4e,burn,1065.650175,280
8e0d94a1-5477-44ea-86cb-62f596bcc672,8d3951ff-68f5-4229-abc8-b0e014ccf3e4,death_arrows,1286.094955,280
8e5a887f-4854-4cb9-9b7e-65541372f825,621165b4-b72a-4b51-aca8-8901fdd12de6,death_arrows,263.088,53
8eaa0dab-d042-42fa-b662-b9d14cc9754c,38d8b32c-4188-4206-833f-551f5c7cbd9b,arrow,2947.497984,984
8efdf67c-89a3-44b4-95da-6b2424b1dbb7,6f5d4349-239d-44b8-98da-4828fdc75a5c,burn,191.25,55
8f57e5ed-e846-4c6c-aa3e-171f7e005f95,d7c646c1-4ab1-4f92-87f1-1a441d2a214e,aura,181.194427999999,52
9043948e-d017-432b-a9f9-10def7c67dbb,af37841a-5da4-4b27-b085-5b56eaba9bf3,aura,114.330784189873,15
90478184-5fbd-4d98-bb8c-45db9b021038,79cce2e0-a462-4d63-81d1-e8d2ee2a09fc,death_arrows,791.499205277759,154
9050fcf8-1ace-47e2-a450-91dead1923b4,91b87802-8707-470d-9d00-064479a4a5b8,arrow,279.739999999999,220
912a67b3-7e3e-473e-8d69-34299c033418,e772dbc8-d74c-4d97-9993-ee6e996bbf89,arrow,3675.39681176663,807
91580221-1a66-44f8-86f7-18f6d5a50379,f5a67edd-38e5-474f-b534-8a441e3b4aa9,aura,748.346190639999,218
938da784-4fe6-42ed-8765-877ce221d2e4,a0bf9a3f-dcc7-48b9-953c-ec94412c791d,arrow,1789.4016136,634
93ce3ac2-0b3c-430b-b9f1-88c55fab3f4e,cacce394-6c33-4073-8334-66ead8905bb1,arrow,4270.45295853029,1220
93dc5c88-7119-42f3-939c-24cc17967e1f,7977afbe-8e55-42c2-93d8-26664e97cf4e,arrow,4108.229726875,1206
95005b41-b271-4a03-af14-3b200a0e7b6e,f71018c8-d3bc-48d5-a035-7382d9ac5e63,burn,859.069999999999,221
95174e56-9583-4de9-8523-3eb6f6b661ce,6f93e1ac-02d4-4851-9145-f230dc3f0436,death_arrows,2305.34722,725
962958c6-8198-4adf-ac3e-b12e3ed3bf8f,1a01298c-1951-4c77-a8ee-89a3dddad435,burn,1219.356,232
9784a8b3-2a11-4bd2-b7f0-c7e535b99aa1,2e50ed36-00fb-4893-87be-ca4faa89845a,arrow,2056.28,604
97934c15-481f-464c-857c-1d705080199d,0c266f69-0927-4d71-b084-d2a9b2ea6880,death_arrows,1806.86696723188,454
979c2fdf-c29b-4cb9-96e2-42840d98cbdb,342b9a7e-5e72-4d0d-b90e-57947496b99e,death_arrows,436.443199999998,138
97f514eb-44e1-4fcf-affd-1945dbe9dd17,8d3951ff-68f5-4229-abc8-b0e014ccf3e4,aura,561.872670000017,110
9858df53-c5f6-42b5-bffb-954ab8b0596e,32d9bf5b-89d1-4916-895e-c95307c39b07,arrow,2103.03875,613
986a49c9-eb42-48e0-97b2-84aeaf1277eb,e509480d-9abc-448c-99a2-b370493a7de2,aura,38.5640000000003,11
98de2a38-4c64-466b-9e26-7b00ba99dfa3,c404059c-5b59-4023-bfac-f91f73293f12,death_arrows,983.662532917104,274
9a3d5d52-bf83-49e9-ba1f-e435e1dfb575,12b80902-760c-44ca-ad02-905a58cf4b1e,aura,611.812780000018,212
9a524d84-a747-410b-9d5c-767bc1ff3c17,e9ae714c-6ca4-414d-87d9-e968c35ebfe2,aura,499.08,96
9ad7e8e3-c6d2-4990-aada-4efd26613fca,67c16107-bd12-4c96-ac7e-51da750aa2c3,burn,203.403,47
9b37dd32-395a-44bd-bc66-cc3c2974a06e,1004050c-e64e-441a-b2d5-113a08160a55,aura,207.0525,68
9b69b178-d2c4-43ec-93e7-48d130a61e5d,634e38f9-b18e-4f50-9032-7a9cd74c0cb3,arrow,2527.26999999999,625
9c5771fc-165b-4186-a32e-3dea768b0971,02f1bdb0-befd-484c-bafd-e0885d364786,death_arrows,229.12236,127
9c846726-9bc4-45ce-a2a5-6b53c155e2e8,39139dd7-19b0-4fa3-9fb3-94f2cdf42553,burn,1025.274712,302
9d09b123-7783-4820-b048-2d13ccd8e056,af37841a-5da4-4b27-b085-5b56eaba9bf3,arrow,5694.59088388834,1423
9d96171c-daa0-47b0-abf0-f0370bae0212,6f5d4349-239d-44b8-98da-4828fdc75a5c,arrow,4106.38241777776,1212
9ebd40dd-5818-41d7-8db7-a444a8c0cb7f,c404059c-5b59-4023-bfac-f91f73293f12,arrow,1032.85642861286,278
9f063cf4-cd32-40fc-a3c1-cd4d7d75f969,0acd8809-8a3f-44e8-8ec9-03fb2ebfa02b,arrow,1521.99235952,426
9f23aa4c-4e0b-4ff3-873a-a1c7159ad9d0,fd75850e-6df8-4c86-8241-884da7ee6142,arrow,3197.53336466665,838
a03fa905-8bab-4625-a6b8-fd6521c3b0cc,9ab3cb58-4328-49e5-83a8-a1dbb1e96fa3,arrow,726.825945199998,452
a15997a7-ef52-4fc1-a81d-90a58f7dbfe9,5f346316-7b98-4fed-9d5e-0aace5ac2f77,aura,1142.671585,441
a1b4d0e0-a531-47b3-9bb4-6b093c70e8f2,7c364856-4292-498d-ab1a-e6d80a700e44,death_arrows,530.76815,127
a1b69d71-6ac1-43cf-91dc-eef109a32319,55442d1a-09e9-40da-bd50-07067d06d202,arrow,90.8499999999999,64
a2f8981b-6174-45a8-abee-e68b254d7572,2042c711-f981-4d9e-bc9e-1e64f6f65312,arrow,1769.55079015873,482
a36d5849-9c96-430b-9518-002d02228b11,262290b4-7470-4bf4-b2bf-279c0874fdc2,death_arrows,731.3988682,200
a40daef2-94a2-40aa-aac7-ffb7f03c7216,81897b06-fd81-4935-9f3e-1c168deb59e9,death_arrows,4010.39488915,1108
a44dce32-5565-42b5-a8c5-14c370b52169,eca21d22-361e-4144-ac20-b2387c331e66,arrow,1770.64271239055,567
a470ea40-cd46-4d1c-bbec-ee2b5941b5f9,bd717d47-60ae-4fdb-a0cb-1c515c1c3f27,aura,7.17151999999998,1
a494f06c-22cf-4e64-a106-6827029a4226,0acd8809-8a3f-44e8-8ec9-03fb2ebfa02b,burn,497.41066848,91
a50103b3-507b-42d0-9b53-281b6a86323d,91b87802-8707-470d-9d00-064479a4a5b8,aura,155.842,58
a5533924-1c47-46da-bfaa-9a16aad9c6e5,9587088e-2b70-400c-959b-ed89dcdcc02a,burn,63.1160479999999,11
a572e662-7403-497e-93d7-58c3db023ccc,9face13f-c901-4cc0-9f9a-dd9efc6d4887,aura,62.6534875000006,22
a704c1cc-4efd-4221-b145-9e9213d89fa6,c3d2f2ab-c4ef-4536-8eb3-12b6f72ca721,burn,89.29741,12
a72357ce-56c0-4f59-bc03-9203085890f3,32f853da-62d8-4f61-8ed7-32f77c52f2c5,burn,168.9192,45
a903a462-7432-4b6c-b38e-79f5e18bc9de,9e43f054-b7f0-4a0e-ab92-f14b62b69f0f,burn,140.6,65
a9178f1c-fdec-4c03-a051-b5b7195c7b49,81b98eed-3c9b-4dac-a7cf-101b8d758192,aura,219.114,44
a9604a94-c821-4f92-bd3a-4a3d7a210a8e,4eefb700-f3e5-46fc-b13e-88efb939c15b,arrow,3415.56515083329,951
a9bd22ab-8c7a-4d95-bc64-4160851cb02a,15eff53c-31f4-4c88-af46-459ac4ed3c63,burn,160.7606,27
a9da7c52-acfe-4e33-81f1-2e63e53296ac,168647f2-0e56-4d4d-8b84-b57b16dc88ff,aura,361.540500000001,94
aa087f3e-f23d-418f-a297-9707ba12afab,79cce2e0-a462-4d63-81d1-e8d2ee2a09fc,arrow,1810.132496,649
aa09dd76-0cc4-43d9-8acf-b7f63b6ed3cb,caf16c51-3c9d-4af3-a29b-57ac07f87506,burn,1100.82598,263
aa1349c7-cfaf-4e5a-9b5e-f0925a8eebeb,caf16c51-3c9d-4af3-a29b-57ac07f87506,death_arrows,874.38256,256
aa2ab305-44e0-41e4-aa55-988fd9350572,b7927167-a7db-4e53-8ca9-c44109513a9c,arrow,2018.58545525,692
ab1b5810-e47e-4f67-ac8e-e92a9f628f80,92d8e45d-01ab-4c73-a57a-7ca89a92dea1,aura,638.88098704375,167
ab1c7472-756e-40fa-a140-4905a327e0d4,b7927167-a7db-4e53-8ca9-c44109513a9c,aura,407.238237,153
ab394998-8b3a-4bbb-a3ee-c2af52d068a4,e509480d-9abc-448c-99a2-b370493a7de2,arrow,113.587,92
ab5049d2-9f09-454f-857f-6f32ba4db9d4,0acd8809-8a3f-44e8-8ec9-03fb2ebfa02b,aura,608.86530016,171
abb30a19-e2d0-4893-b647-2fa8444da62b,46f498f8-bfa4-48ee-aa5f-6484e3e7f8f0,death_arrows,19.46701,13
ac3bda92-782b-4e60-8f6a-48ca2daf27a6,4eefb700-f3e5-46fc-b13e-88efb939c15b,burn,390.7267875,111
ac3c6f53-9e1c-41b7-bf8c-96fd5b72aa14,b6337ca6-0416-46b6-a9ed-a78d8ea4fa08,arrow,1501.81446010318,450
ad38d6d9-f21e-4665-a7e7-2482c8f0797d,342b9a7e-5e72-4d0d-b90e-57947496b99e,arrow,4983.711,1479
ae0c1b7a-67a8-4bb4-84ca-edeb51ff4e62,6683724d-4b30-470e-b677-f0abfa3ca6d2,aura,569.83088725,280
ae6ef876-49fc-4ef8-a110-491b48668c13,6683724d-4b30-470e-b677-f0abfa3ca6d2,burn,80.38360825,36
ae81b854-6ed5-4005-b5f7-8f763c9e076a,4051b7aa-e01a-4aa7-9892-f783d98cb3c2,arrow,1220.1454576802,354
ae92ede5-1f15-4120-926a-81c2a5949109,0f33c073-f218-41b5-af78-ee891110b44a,arrow,6722.94941899993,1804
af3d50e8-ae21-4354-a859-5685888f0182,9face13f-c901-4cc0-9f9a-dd9efc6d4887,arrow,1719.65087499998,893
afd51492-16c3-48f8-beb4-f92e50e559ba,1a01298c-1951-4c77-a8ee-89a3dddad435,death_arrows,3910.40377333332,781
afd5461a-2a75-44a8-aa96-270f9ddb6fbc,f106d89b-85f7-40bb-9334-c29f021612d0,death_arrows,1149.45408,279
b026fd06-b11b-42f0-b9ac-1a0e4089495c,3f71376e-8540-44d6-8916-5cd239cd8db6,aura,6.0,0
b0521dd8-855d-4087-b2db-1e1bc86eae85,2042c711-f981-4d9e-bc9e-1e64f6f65312,death_arrows,269.623,69
b1292490-8ac1-442c-978f-748ea57cd2b4,858e8d70-6151-46c8-ae86-08a6672d77f6,arrow,2808.67548677775,766
b23edc14-037b-4ba8-b877-c6ec73e9387a,81897b06-fd81-4935-9f3e-1c168deb59e9,aura,692.385534462588,71
b358f019-c962-4171-af42-e05cd5e65a87,79e087ca-270b-4087-b0d4-9d9464369fbd,arrow,1783.55192005555,469
b4d17e4a-41e7-460f-8ca3-b42f2076ee0b,4051b7aa-e01a-4aa7-9892-f783d98cb3c2,death_arrows,1149.308019344,348
b5cb83c7-868d-4740-9aa8-7c7caee67cf8,70148665-4c49-4e80-9e8d-bfddc9aaebd0,aura,564.1601415625,122
b5cc8aca-d1b6-4069-92b6-0b0bd97e145a,fa29c145-da90-4e54-ab17-34b98261236e,death_arrows,474.460537749999,118
b633b5dd-5535-4ca2-9532-b86c5f88ae29,f71018c8-d3bc-48d5-a035-7382d9ac5e63,arrow,4688.6291430873,1180
b77c6a1a-2e9a-41b1-b08d-713d411650ca,d7c646c1-4ab1-4f92-87f1-1a441d2a214e,arrow,1585.43759694444,470
b8ced592-0426-4fbf-b94a-d2fbab501b55,634e38f9-b18e-4f50-9032-7a9cd74c0cb3,aura,138.038,7
b9b3a692-5b02-484d-86d7-faf6c96341a2,a0bf9a3f-dcc7-48b9-953c-ec94412c791d,aura,554.3006056,167
b9ba1ec1-0085-49f4-8e72-0de5fdc391d6,f71018c8-d3bc-48d5-a035-7382d9ac5e63,aura,109.222,15
ba335dcf-fd5b-43ec-8d0e-b4da8865da85,2042c711-f981-4d9e-bc9e-1e64f6f65312,aura,54.405,12
ba5f8b68-b851-420b-8a0a-1153685ba539,4c3ee856-dc8a-44b9-af4c-599ed8f7cff0,burn,496.67287575,217
bad76b53-078e-4063-a421-294c2f259645,65b2d718-b1e1-4b2e-90c8-b45bf09c8a0c,arrow,3183.63169999999,919
bb2f00ac-6da5-4ff5-8f71-2f2f402f89d7,0acd8809-8a3f-44e8-8ec9-03fb2ebfa02b,death_arrows,1736.85648150664,451
bc155e80-cfc7-4b28-9131-d4a637bf2019,23ab4078-96b4-4d96-83ad-65a4abe8e1b9,arrow,1531.22694884999,487
bc3b8096-acaf-4b2e-a801-9a5629396a39,1a01298c-1951-4c77-a8ee-89a3dddad435,arrow,1422.7592,439
bcdd7b21-7f13-4232-8a1f-3176ed820b4f,40670b81-b267-43df-9a3a-56f504bf6354,arrow,918.502229050001,249
bd86fac4-43ae-4b91-b955-60ada97bd8ec,dd46af74-5e44-481c-961c-44a1df094eb7,arrow,4621.4225879444,1269
be9c30b4-ceef-43bb-a55b-0aaf469e0e74,c404059c-5b59-4023-bfac-f91f73293f12,burn,51.00761806249,8
bfe3681e-7a76-4116-8fa8-a83850ffa215,e9ae714c-6ca4-414d-87d9-e968c35ebfe2,arrow,5550.03512914642,1575
c0621f6a-38ad-4855-8523-5bb5dd71b40f,069f9480-fe0a-4e8a-9034-1b95e11a0f92,arrow,5.0,5
c0ee1f66-021e-4b7f-8285-6c394d38f9a8,989215b9-2bdf-4c15-a089-a53d4e201445,death_arrows,3.0,2
c1cdbcc0-9e37-4069-a513-b5adef9b439b,3f71376e-8540-44d6-8916-5cd239cd8db6,arrow,2714.12831818331,742
c36ccdb7-34e2-4cc9-b92a-672a81bf4cca,501f44e6-b8f8-4dfe-a46e-fc95d6f90753,arrow,1258.57866466667,350
c3b4af01-e8bd-46f1-9cf8-fc2ee7e9aa8b,6f7225e5-b6d0-4c5c-aa6a-bbe232c5997d,death_arrows,457.640500000001,141
c5ccef43-8ffa-4df0-880f-43e7ee111847,36f78638-69ff-473d-91cc-cd779e015bf1,arrow,1515.08372666667,424
c659df72-e420-4ce6-99c7-ba6932248058,a6d1ed5d-2cb9-4cee-ab6d-4425ab35a53d,death_arrows,935.168742321512,302
c6d4f4cd-2fcc-42a8-9a43-c748388110b8,15eff53c-31f4-4c88-af46-459ac4ed3c63,death_arrows,472.280899999999,166
c6f869dd-0758-4a39-88b5-77503ac27483,6ed179b4-89b7-43c6-822a-653ff5ce4b9d,death_arrows,1765.28052800001,503
c7762dc3-aada-41d7-9819-0af9f66d5b9f,fd75850e-6df8-4c86-8241-884da7ee6142,burn,1134.80182,252
c7fea8bc-dab5-41ba-b23a-60ceee024cb5,eca21d22-361e-4144-ac20-b2387c331e66,death_arrows,923.969727999999,270
c81572e9-1872-4d74-832b-ff83b5a20fc3,81b98eed-3c9b-4dac-a7cf-101b8d758192,arrow,383.916,300
c88d85ea-7548-4816-a22f-bcfff073fd68,989215b9-2bdf-4c15-a089-a53d4e201445,arrow,197.0,151
c90e0413-9453-41d6-80ba-aa895fa5abd7,613255d8-47d3-42be-8925-4e006c72eb2f,arrow,1999.48825849999,522
c9b116ad-fde2-47c1-80e0-134a2d0cd8e4,cf52f8cf-aaac-444a-9853-d4fbc5494dd9,arrow,37.0,30
ca5cdd2e-5674-4d54-8418-d5c5d3919cfe,6f93e1ac-02d4-4851-9145-f230dc3f0436,aura,641.3978,213
ca748a4c-aa38-44e0-97df-32f9019be28e,501f44e6-b8f8-4dfe-a46e-fc95d6f90753,aura,71.09475,26
cb86e495-82e7-487e-9beb-483ba3fae189,50d353db-3226-48d3-89fd-00a80fcf618d,arrow,2942.58393526983,734
cc09c8fe-7f18-46b4-b368-027e0c8b2da2,eb6ae233-5b63-4bfa-b563-5d9dab5e9da8,death_arrows,1201.4439,341
cc4fd4e5-14bc-40af-b67c-973d02dcf50a,0c266f69-0927-4d71-b084-d2a9b2ea6880,burn,25.5878883125,17
cccd434f-dd2e-481d-a11c-a2f2104ff233,f5a67edd-38e5-474f-b534-8a441e3b4aa9,arrow,4779.53631147546,1642
cd867004-21d9-465a-8645-4c20e8da84a2,0973cd03-3e0c-44b3-8c9b-d623f490bb68,aura,231.775,47
cdad9a54-5e66-4d2d-a0c3-ea908ae1e3a8,89ad5a3a-b615-4b5c-935b-4558b5a3b498,burn,24.496,1
ced7c491-f941-4e4d-abe1-6869eafdee15,4c3ee856-dc8a-44b9-af4c-599ed8f7cff0,death_arrows,2435.24357534992,730
cf2bdce7-ba4c-406a-8a8e-9cf66247d163,525e6543-d63d-4785-b687-fc62572801c7,aura,6.69999999999999,0
cfbdb247-c9b0-49e8-b83a-ef4f80cf017a,a6d1ed5d-2cb9-4cee-ab6d-4425ab35a53d,aura,31.502169816,2
cfe54c9d-4c4f-454b-b2e7-fd415cc4ea4c,1032cea7-f187-49e0-9ef5-dab0008fd52b,burn,598.205760000001,144
d00958a1-0ce9-4ad4-85e1-4f77a0a51cb9,689bcacd-5e06-4be3-be11-3e60dc829331,death_arrows,2791.22103395937,735
d26cac94-d700-4070-94f6-50d30a4e05f9,32f853da-62d8-4f61-8ed7-32f77c52f2c5,aura,18.3,0
d33a4281-0aa8-4a1a-a176-82e98088af0a,3e3efb61-24e5-429d-852c-19f4e9fc411c,death_arrows,3674.5806638,918
d3782285-abec-4083-a78b-639ed6c180f5,5301e41a-4687-4d81-abd5-9103dd9d50e5,arrow,1392.15564966666,356
d43672e5-48ad-4a74-b7d9-e94c4ff55494,dc71cb76-5231-40eb-9cb1-dd33e312d796,burn,1045.37693071,368
d4688c8b-cb8a-422e-895d-b9dde49e0874,288dd9db-2943-40d4-bfae-52d4a488fa95,aura,42.78896,2
d5adac25-59fd-4baa-8991-3e2f72725fa0,6d229162-2e07-41e4-bc92-6ad11ae33970,aura,204.881859999999,47
d61bbcdd-6c05-4c3d-b653-3a297f1ccb19,a0bf9a3f-dcc7-48b9-953c-ec94412c791d,death_arrows,3087.40491040001,769
d6b0d5b2-c3df-4342-a63e-1c5802d82564,c7d829b3-6e9d-42f4-919a-afa4d26ee4ae,arrow,48.75,44
d73c9a79-7f04-49e7-991c-c41a70d99f7d,e8e70be3-66e8-4abd-8157-b58ad3ccc5e4,death_arrows,52.002,5
d75d7b18-287f-48f7-b0b8-46c3fb260653,1affc0f0-1216-456a-82d6-b2828eb85a72,arrow,38.0,38
d7a89e08-1a75-445a-a53a-2b5c8270a151,b1420e15-afa5-4ddf-add1-b8a2145496f0,burn,43.38675,12
d8b09de1-de72-4e35-b756-55ab14a09bfa,06fe9657-81a8-498e-98e3-7a0a247229de,aura,276.7726175,145
d8e2a5a9-6b1f-4f70-9818-917b767ba4c3,7cbc6bac-31b7-4341-8e27-9e0e39ea6ad5,death_arrows,966.400830299982,188
d8ecca9a-63fa-43aa-9e9f-ebe1cb12ac5e,b2ea2a8d-0698-437a-ab5a-fe0d53f8e384,death_arrows,669.613172,147
daa9195d-d580-442a-b407-bd77b08a9c10,6f7225e5-b6d0-4c5c-aa6a-bbe232c5997d,aura,1212.37849999996,317
dac8fa5e-b9cd-49c9-9493-8435526b865e,4eefb700-f3e5-46fc-b13e-88efb939c15b,aura,724.174715,210
dacba57e-9519-4b72-a969-44eecd08d644,1032cea7-f187-49e0-9ef5-dab0008fd52b,death_arrows,875.333980000001,246
dbe5c29c-af13-4b7f-b257-d21f96a02d55,e7a3224f-83fb-4c12-8455-7055cd163174,aura,2509.39527659991,720
dbf831c6-692e-4ddb-8211-01ff92f59b94,525e6543-d63d-4785-b687-fc62572801c7,arrow,40.67,34
dca01f24-5fbb-4062-99dc-9a0ceb772bda,2e50ed36-00fb-4893-87be-ca4faa89845a,aura,60.9000000000002,2
dce4ff80-2d1d-453f-8012-2832e8789ef1,9cd9cb7a-588c-4e2b-be05-e8bb79f9757f,death_arrows,1094.25675949471,223
dd61c411-2c79-4604-a102-28b86df13eb3,6d229162-2e07-41e4-bc92-6ad11ae33970,burn,106.69754125,24
dd6b2ba5-c5f3-4aff-8420-56b2319c9ff1,a237dbf8-beeb-4a59-ab92-d49219739e0e,death_arrows,526.222737500001,163
ddd911a9-c2e4-4f4b-84d1-6476c467bb8f,fd1e77bb-7d0a-4c7f-8dbc-66e1a1900f98,death_arrows,275.030584,80
de567d04-39fc-4690-b6fb-bb5713f681c1,1004050c-e64e-441a-b2d5-113a08160a55,death_arrows,149.65,38
ded41fbe-cdeb-45fc-bf8c-a585a4bd2fd5,89ad5a3a-b615-4b5c-935b-4558b5a3b498,aura,28.75,2
df60f3de-d24c-4e56-a8af-ee0650803a03,5ad6173a-e8c5-467c-84e4-239f7bafba3f,death_arrows,1082.11813012248,308
df736972-613a-4afe-8572-dc34bb8dd595,0f33c073-f218-41b5-af78-ee891110b44a,aura,311.742497,82
dfd5e8cc-8d1e-48b8-9386-66a0e08ad983,501f44e6-b8f8-4dfe-a46e-fc95d6f90753,burn,42.94225,15
dfe1839c-dc8b-427a-a7fe-f012d7941f1c,23740e2a-e875-442f-a84f-aba564335f30,arrow,3991.30422183658,1024
dfe1b542-0ab4-4f98-ab0f-4b7f21cbfd71,8d3951ff-68f5-4229-abc8-b0e014ccf3e4,burn,628.927604999999,200
e07e0779-816b-4a54-a5cb-161c97b13b24,0af94b2a-fe69-479c-b598-81d3a6b77610,burn,180.048605,80
e0d56478-2fdf-4421-a7ae-ddd651db015a,996ab3fb-c28a-4951-a2af-8850a2aaf382,arrow,288.75,206
e115d26b-a049-4aa0-b210-187ca28a6b39,0c5e03c1-121d-4c92-affb-7ee2298844f7,burn,42.2070784,8
e136ad3b-41ce-480a-8507-ff0969495788,4bfb2dd5-6f1f-475f-8dfa-3073d34d9f8a,death_arrows,411.1617575,221
e13b8e61-a833-4abf-83cc-c85fbe19b6ac,38d8b32c-4188-4206-833f-551f5c7cbd9b,death_arrows,1016.07160426452,260
e1e4eb88-76f0-421d-8651-91887585c0b0,2c88a764-84ed-44a1-b1c1-f2448c972218,burn,245.5179671,145
e2877b0c-f122-444d-815a-fd76b5139a08,3df9d1c6-fd5e-4041-ba8b-7a31b3d49eb4,death_arrows,17.136,3
e378360f-1bda-4051-8bcc-0a0cd7c67189,bb33ae0e-0e76-43dc-8d46-8bc833341d89,arrow,1497.3539,767
e49f7825-3b1a-4cdc-9f19-fa8320ae8dc4,d4278cff-e28c-4a9e-bfb9-0f0b9f7256e8,death_arrows,278.996578,147
e4b4a32f-1e67-4bb3-b659-da4e15b85ed6,79e087ca-270b-4087-b0d4-9d9464369fbd,death_arrows,256.8915,59
e63e897b-0be4-49d9-83e4-9d21fe46eb7b,9face13f-c901-4cc0-9f9a-dd9efc6d4887,death_arrows,90.8005125,64
e7086538-f661-4704-9eb7-b3a44c2db365,1032cea7-f187-49e0-9ef5-dab0008fd52b,aura,265.944499999998,45
e71cd9eb-5c35-4ce0-ac0e-d115c8ce0e6d,cebb591f-f29d-4a40-a655-6e05d5f87ad2,burn,1879.33093541,318
e83c8620-e628-48d3-9457-5a5091eddc14,866ae6ff-f11a-48a5-80c4-82cc30f73382,aura,1217.1338,322
e850b812-9bef-4f00-8e87-0494bf9abcb8,202b46e4-ad32-49b1-a99e-7a43a68118f3,death_arrows,645.12032,148
e8bbddaf-9d6f-4716-853e-aea5774a96bf,e5f697dc-6c6a-44a9-b2d4-33a751744ed0,arrow,3647.60236972222,1162
e93651ad-04dd-44fa-97b5-191ea98e7983,689bcacd-5e06-4be3-be11-3e60dc829331,arrow,2676.6425037375,862
eb283b5e-f755-4315-8c60-bd061f1239b9,6d229162-2e07-41e4-bc92-6ad11ae33970,arrow,1783.89020688097,552
ec921ac1-922e-4c15-9c71-b922ccff9964,7a2a5f50-6269-4136-867f-01efe12eb3b1,death_arrows,398.228112,63
ed9bb874-093a-4d90-885e-dc56154ee5f7,858e8d70-6151-46c8-ae86-08a6672d77f6,aura,636.747100000018,151
eea1c6c9-9da1-46d4-8aca-c317962048eb,2303b01f-fa08-4f77-bc3a-7a0d5f6d678b,burn,114.46,55
eebd141a-d94a-4c93-bec2-5c10682bc47f,7c364856-4292-498d-ab1a-e6d80a700e44,arrow,4066.27204642254,1310
eed445ea-385c-40c3-b5f8-f4275750b4c4,79cce2e0-a462-4d63-81d1-e8d2ee2a09fc,aura,175.0,55
eeecdf83-b123-45b4-9f64-4aede4cea99e,7f9a2bfb-e0f8-4dd3-9aad-991db4caf9bf,aura,112.854328,27
f02a10ca-4ee8-4fa6-9899-2200bb3e0e74,7a2a5f50-6269-4136-867f-01efe12eb3b1,arrow,1677.65967498676,572
f04cd0c1-d56e-4909-8051-49e61c1f1483,7031b138-ad7f-4da4-a7d4-d8b5e3ecd4df,burn,7.774276,2
f04ed0f4-58de-410d-9d0b-364fcb33a8e2,a237dbf8-beeb-4a59-ab92-d49219739e0e,arrow,2462.57672500001,790
f0675990-4ff7-492c-99b6-0eaba1f92e46,afaa0155-d8f3-4a19-a679-8ef47249787c,death_arrows,348.3,101
f0acd294-961d-4038-8907-75d3d169f905,6683724d-4b30-470e-b677-f0abfa3ca6d2,death_arrows,596.8877955,184
f0b23db1-4a1f-4f4b-9215-fd6d2af6fed1,c2df6f2d-07f9-4a83-8136-fc23784b3bfd,death_arrows,997.747750000001,232
f161d55e-c957-416f-85a0-aed8dad69f8e,1affc0f0-1216-456a-82d6-b2828eb85a72,aura,0.75,0
f1bc3e1e-da76-493e-af09-2ee814d885d5,0af94b2a-fe69-479c-b598-81d3a6b77610,death_arrows,617.93622,175
f1caee96-75c2-4184-a089-e514efd01205,3b58d74b-cc08-487e-9868-de651ad91a67,arrow,1605.93703085877,448
f2171f43-d87f-4232-9a59-ed5c19f6c036,47544f88-440c-4c4f-9eff-85ec5f081088,aura,16.3532239999999,3
f28a650a-a859-4a5f-8d9e-0d84f051eb22,4548f910-9a55-4100-961c-f382f4bb860c,arrow,4026.41722683331,1139
f2cfe028-b216-45fe-9445-a0600e04b6fc,b329c955-b2ea-4ee5-a9a9-c23be8ef1b97,aura,619.800000000003,141
f2e5ffa5-1c84-4043-8cb6-fc8b69561d6e,168647f2-0e56-4d4d-8b84-b57b16dc88ff,arrow,3745.99184120195,924
f3f7be73-9c69-425a-adb9-efc90eec53d1,858e8d70-6151-46c8-ae86-08a6672d77f6,death_arrows,1048.11673999999,288
f49cba61-de5b-4727-bf06-4ee9c07e4ed9,bd702323-3ac9-41e4-a523-36ce1e6ee464,aura,90.952,15
f4aaec24-b09c-474b-ae50-74cd4393d529,858e8d70-6151-46c8-ae86-08a6672d77f6,burn,1255.0971,302
f532a1db-7741-4c4e-8533-9d0bb1a939ee,65b2d718-b1e1-4b2e-90c8-b45bf09c8a0c,death_arrows,417.614093749999,108
f62e2e3d-1ba0-40cc-ba7d-25536b8446bf,eec8103b-bda3-4b52-8ef4-9a1612e30394,arrow,1984.62266666666,574
f644efa5-fea9-439b-94cc-2a962b0b0ff9,613255d8-47d3-42be-8925-4e006c72eb2f,burn,557.505871999999,171
f7b0c0b7-2661-47ac-b7b0-b86e2c23fe9b,288dd9db-2943-40d4-bfae-52d4a488fa95,burn,7.4584,1
f82ed5a3-66f6-469b-97c1-92b0965a5195,eec8103b-bda3-4b52-8ef4-9a1612e30394,burn,23.536,11
f83eefaa-df77-446d-a22a-0bcff93cc4bd,f09784ea-cb6a-4d4f-8b68-c36060821e1a,burn,117.8520816,23
f8704738-b758-4665-9b15-b635b7d9d9e5,af37841a-5da4-4b27-b085-5b56eaba9bf3,death_arrows,2770.18577617503,715
f8a2f70e-0108-4f05-b1b1-362a8a6e6535,34d0417c-4143-4fc0-a37a-6017fdc07b44,arrow,158.31,126
f8fa3b78-bb8a-4e5c-b68d-2da195a45565,67c16107-bd12-4c96-ac7e-51da750aa2c3,arrow,5176.80696210099,1360
f924ab60-27cc-4cb6-abb1-edcec7df545c,2104ffd8-6435-4041-9c45-5c1f205b0976,death_arrows,310.810844,98
f9996655-1514-41da-af2f-10a9f444ad26,1032cea7-f187-49e0-9ef5-dab0008fd52b,arrow,4453.69470000001,1419
f9f64337-44bd-4ddc-a271-794a9ee471b1,caf16c51-3c9d-4af3-a29b-57ac07f87506,arrow,2311.37339333332,695
fa418338-15a7-4331-9aa1-db7ba32d7d27,42f13b81-8a0e-4acd-8ce8-8270f40d08b1,death_arrows,1374.55869055,327
fa6e7005-0967-42a7-829c-1c34c656e19a,996ab3fb-c28a-4951-a2af-8850a2aaf382,aura,5.4,0
fb65df1a-7ee7-465e-bcf4-e8155c90b688,e8892054-5eeb-4a73-888c-042ff814e38b,death_arrows,606.0395,186
fbdc94ff-aa7c-4c82-8469-ffa390acf827,7546a5ef-7cb3-4608-8e5e-89703199492a,burn,693.948368,208
fc9498ad-ef38-4597-8795-b87364741c85,12a9ff81-ed85-4e81-b71e-625079debd23,death_arrows,2048.20280000004,619
fd323b42-5af0-4861-a1b7-2d2dbb302d75,06c446fe-5a73-4930-97bd-9c7179f97dad,death_arrows,253.86925,47
fdfb84e4-24f3-4941-8192-f346818f0b5a,79e087ca-270b-4087-b0d4-9d9464369fbd,burn,268.017,156
fe4ee228-6897-4eac-85bf-cc9ff5a572d3,3e3efb61-24e5-429d-852c-19f4e9fc411c,arrow,2091.59741127208,646
fe8de2ed-f7fc-4f08-a015-f5e6d1db25ec,06fe9657-81a8-498e-98e3-7a0a247229de,death_arrows,101.8040325,58
fea24c55-72e9-4633-8567-581f3caeb89c,92d8e45d-01ab-4c73-a57a-7ca89a92dea1,arrow,1092.82804528255,335